"Gene_Name","Gene_ID","CCDB_ID","DDOC_ID","DDPC_ID","DDEC_ID"
"SERPINA3","12","No Record Found","No Record Found","No Record Found","No Record Found"
"ADD3","120","No Record Found","No Record Found","No Record Found","No Record Found"
"PARP1","142","No Record Found","No Record Found","No Record Found","No Record Found"
"AKT1","207","No Record Found","14","37","No Record Found"
"ALPPL2","251","No Record Found","No Record Found","No Record Found","No Record Found"
"ANXA2","302","302","No Record Found","50","19"
"APC","324","324","No Record Found","52","22"
"BIRC5","332","332","No Record Found","72","38"
"FAS","355","No Record Found","No Record Found","237","147"
"AR","367","No Record Found","20","55","25"
"AREG","374","No Record Found","No Record Found","56","26"
"RHOC","389","No Record Found","No Record Found","No Record Found","398"
"ATR","545","No Record Found","29","No Record Found","No Record Found"
"KIF1A","547","No Record Found","No Record Found","No Record Found","No Record Found"
"CCND1","595","595","63","98","53"
"BCL2L1","598","598","44","69","37"
"CEACAM1","634","634","No Record Found","126","No Record Found"
"FOXL2","668","No Record Found","No Record Found","No Record Found","No Record Found"
"BRAF","673","673","51","81","No Record Found"
"BST2","684","684","No Record Found","No Record Found","No Record Found"
"C8A","731","No Record Found","No Record Found","No Record Found","No Record Found"
"DDR1","780","No Record Found","127","183","104"
"CAPG","822","No Record Found","No Record Found","No Record Found","No Record Found"
"CAPZA1","829","No Record Found","No Record Found","No Record Found","No Record Found"
"CASP3","836","No Record Found","60","No Record Found","No Record Found"
"CASP7","840","No Record Found","No Record Found","No Record Found","No Record Found"
"RUNX1","861","861","No Record Found","No Record Found","No Record Found"
"RUNX1T1","862","No Record Found","No Record Found","No Record Found","No Record Found"
"CCNA2","890","No Record Found","No Record Found","No Record Found","51"
"CCNE1","898","898","No Record Found","No Record Found","54"
"CD44","960","960","67","106","56"
"CD69","969","No Record Found","No Record Found","No Record Found","No Record Found"
"CDC25B","994","No Record Found","78","113","62"
"CDH1","999","999","81","117","63"
"CDH3","1001","1001","No Record Found","No Record Found","No Record Found"
"CDH6","1004","No Record Found","No Record Found","No Record Found","No Record Found"
"CDK4","1019","No Record Found","84","No Record Found","67"
"CDKN1A","1026","1026","85","123","68"
"CDKN1B","1027","1027","86","124","69"
"CDKN2A","1029","1029","88","125","70"
"CDKN3","1033","No Record Found","No Record Found","No Record Found","No Record Found"
"CNR2","1269","No Record Found","No Record Found","140","No Record Found"
"CNTF","1270","No Record Found","No Record Found","No Record Found","No Record Found"
"COL3A1","1281","No Record Found","No Record Found","No Record Found","No Record Found"
"COL4A5","1287","No Record Found","No Record Found","No Record Found","84"
"COX7A1","1346","No Record Found","No Record Found","No Record Found","No Record Found"
"CRABP2","1382","1382","No Record Found","No Record Found","No Record Found"
"CREB1","1385","No Record Found","No Record Found","145","No Record Found"
"CSNK2B","1460","No Record Found","No Record Found","No Record Found","No Record Found"
"CTNNB1","1499","1499","115","155","96"
"CTNND1","1500","No Record Found","No Record Found","No Record Found","No Record Found"
"CTSB","1508","No Record Found","116","156","97"
"CTSD","1509","No Record Found","117","No Record Found","98"
"CTSH","1512","1512","No Record Found","157","No Record Found"
"CTSW","1521","No Record Found","No Record Found","No Record Found","No Record Found"
"CYP1A1","1543","No Record Found","No Record Found","166","No Record Found"
"CYP1B1","1545","No Record Found","123","167","No Record Found"
"CYP3A7","1551","No Record Found","No Record Found","No Record Found","No Record Found"
"CYP17A1","1586","No Record Found","No Record Found","164","No Record Found"
"CYP19A1","1588","No Record Found","No Record Found","165","No Record Found"
"DACH1","1602","No Record Found","No Record Found","No Record Found","No Record Found"
"DARS","1615","No Record Found","No Record Found","No Record Found","No Record Found"
"DLX5","1749","No Record Found","No Record Found","No Record Found","No Record Found"
"DNMT1","1786","1786","133","186","110"
"DPP6","1804","No Record Found","No Record Found","No Record Found","No Record Found"
"SLC26A2","1836","No Record Found","No Record Found","No Record Found","No Record Found"
"ECM2","1842","No Record Found","No Record Found","No Record Found","No Record Found"
"TYMP","1890","No Record Found","144","674","118"
"EDNRB","1910","No Record Found","No Record Found","No Record Found","No Record Found"
"EFNB2","1948","No Record Found","No Record Found","No Record Found","122"
"EGF","1950","No Record Found","150","200","124"
"EGFR","1956","1956","151","201","125"
"EIF4EBP1","1978","No Record Found","No Record Found","205","No Record Found"
"ELF1","1997","No Record Found","No Record Found","No Record Found","No Record Found"
"ELF5","2001","No Record Found","No Record Found","No Record Found","No Record Found"
"EMP2","2013","No Record Found","No Record Found","No Record Found","No Record Found"
"ENSA","2029","No Record Found","No Record Found","No Record Found","No Record Found"
"EPHB2","2048","No Record Found","156","No Record Found","No Record Found"
"EPHB4","2050","No Record Found","157","213","135"
"ERBB2","2064","2064","161","216","136"
"ESR1","2099","2099","No Record Found","223","141"
"ESR2","2100","2100","No Record Found","224","No Record Found"
"ETS1","2113","No Record Found","168","227","142"
"ETV5","2119","No Record Found","No Record Found","230","No Record Found"
"F10","2159","No Record Found","No Record Found","No Record Found","No Record Found"
"F13A1","2162","No Record Found","No Record Found","No Record Found","No Record Found"
"FBN1","2200","No Record Found","No Record Found","No Record Found","No Record Found"
"EFEMP1","2202","No Record Found","No Record Found","No Record Found","No Record Found"
"FGF2","2247","No Record Found","No Record Found","240","No Record Found"
"FGFR1","2260","No Record Found","No Record Found","No Record Found","152"
"FHIT","2272","No Record Found","No Record Found","246","154"
"FOXC1","2296","No Record Found","No Record Found","No Record Found","No Record Found"
"FOLH1","2346","No Record Found","No Record Found","251","No Record Found"
"FUCA1","2517","No Record Found","No Record Found","No Record Found","No Record Found"
"GAD1","2571","No Record Found","No Record Found","No Record Found","No Record Found"
"GAS6","2621","No Record Found","182","No Record Found","No Record Found"
"SFN","2810","2810","No Record Found","573","425"
"GP2","2813","No Record Found","No Record Found","No Record Found","No Record Found"
"NR3C1","2908","No Record Found","No Record Found","No Record Found","No Record Found"
"GSTP1","2950","2950","193","286","No Record Found"
"GZMA","3001","No Record Found","No Record Found","No Record Found","No Record Found"
"HDAC2","3066","No Record Found","No Record Found","289","No Record Found"
"HGD","3081","No Record Found","No Record Found","No Record Found","No Record Found"
"HIF1A","3091","No Record Found","196","292","183"
"HMGB1","3146","3146","No Record Found","297","No Record Found"
"FOXA1","3169","No Record Found","No Record Found","252","161"
"FOXA2","3170","No Record Found","No Record Found","253","No Record Found"
"SLC29A2","3177","No Record Found","No Record Found","No Record Found","No Record Found"
"HOXA10","3206","No Record Found","No Record Found","No Record Found","190"
"HOXA11","3207","No Record Found","No Record Found","No Record Found","No Record Found"
"HP","3240","No Record Found","No Record Found","No Record Found","No Record Found"
"HSPA8","3312","No Record Found","No Record Found","No Record Found","No Record Found"
"HTR1B","3351","No Record Found","No Record Found","No Record Found","No Record Found"
"HYAL1","3373","3373","No Record Found","313","No Record Found"
"ID4","3400","No Record Found","No Record Found","No Record Found","No Record Found"
"IFIT4","3437","No Record Found","No Record Found","No Record Found","No Record Found"
"IGF1","3479","3479","No Record Found","321","No Record Found"
"IGF2","3481","3481","204","No Record Found","217"
"IGFBP1","3484","No Record Found","No Record Found","324","No Record Found"
"IGFBP3","3486","3486","205","326","218"
"IGFBP6","3489","No Record Found","No Record Found","No Record Found","No Record Found"
"CYR61","3491","3491","No Record Found","No Record Found","No Record Found"
"IGJ","3512","3489","No Record Found","No Record Found","No Record Found"
"IL8","3576","No Record Found","No Record Found","341","228"
"IL11","3589","No Record Found","No Record Found","No Record Found","No Record Found"
"ITGAV","3685","No Record Found","No Record Found","348","No Record Found"
"KRAS","3845","3845","230","372","246"
"KLRT32","3882","No Record Found","No Record Found","No Record Found","No Record Found"
"LAMB1","3912","No Record Found","No Record Found","374","No Record Found"
"LCN2","3934","No Record Found","No Record Found","No Record Found","252"
"LGALS3","3958","No Record Found","No Record Found","380","No Record Found"
"LIMS1","3987","No Record Found","No Record Found","No Record Found","No Record Found"
"LOX","4015","No Record Found","No Record Found","No Record Found","254"
"LRP1","4035","No Record Found","No Record Found","No Record Found","No Record Found"
"BCAM","4059","No Record Found","No Record Found","No Record Found","No Record Found"
"MDM2","4193","4193","259","No Record Found","277"
"SCGB2A2","4250","No Record Found","No Record Found","No Record Found","No Record Found"
"CXCL9","4283","No Record Found","No Record Found","No Record Found","No Record Found"
"MLH1","4292","4292","262","No Record Found","283"
"MME","4311","No Record Found","No Record Found","414","No Record Found"
"MMP7","4316","No Record Found","269","No Record Found","292"
"MMP9","4318","4318","271","420","293"
"MMP10","4319","4319","No Record Found","No Record Found","286"
"MSX2","4488","No Record Found","No Record Found","No Record Found","No Record Found"
"MT1E","4493","No Record Found","No Record Found","No Record Found","No Record Found"
"MTHFR","4524","No Record Found","282","430","No Record Found"
"MVD","4597","No Record Found","No Record Found","No Record Found","No Record Found"
"NDN","4692","No Record Found","No Record Found","No Record Found","316"
"NDUFA2","4695","No Record Found","No Record Found","No Record Found","No Record Found"
"NFE2L2","4780","No Record Found","No Record Found","No Record Found","No Record Found"
"NFIB","4781","No Record Found","No Record Found","No Record Found","No Record Found"
"NFKB1","4790","No Record Found","No Record Found","446","321"
"NID1","4811","No Record Found","No Record Found","No Record Found","No Record Found"
"NME1","4830","4830","No Record Found","No Record Found","326"
"NME2","4831","4831","No Record Found","No Record Found","No Record Found"
"NPR1","4881","No Record Found","No Record Found","No Record Found","No Record Found"
"NPTX1","4884","4884","No Record Found","No Record Found","No Record Found"
"NT5E","4907","No Record Found","No Record Found","No Record Found","No Record Found"
"OGN","4969","No Record Found","No Record Found","No Record Found","No Record Found"
"PA2G4","5036","5036","No Record Found","470","No Record Found"
"PAFAHIB3","5050","No Record Found","No Record Found","No Record Found","No Record Found"
"SERPINB2","5055","No Record Found","No Record Found","No Record Found","No Record Found"
"PAK3","5063","No Record Found","No Record Found","No Record Found","No Record Found"
"PAPPA","5069","No Record Found","No Record Found","No Record Found","No Record Found"
"PAWR","5074","No Record Found","No Record Found","473","No Record Found"
"PDGFRA","5156","No Record Found","303","No Record Found","No Record Found"
"PDYN","5173","No Record Found","No Record Found","No Record Found","No Record Found"
"PEG3","5178","5156","No Record Found","No Record Found","No Record Found"
"PGGT1B","5229","No Record Found","No Record Found","No Record Found","No Record Found"
"PGR","5241","5241","No Record Found","No Record Found","No Record Found"
"ABCB1","5243","No Record Found","1","No Record Found","No Record Found"
"PITX1","5307","No Record Found","No Record Found","No Record Found","359"
"PLA2G4A","5321","No Record Found","No Record Found","No Record Found","No Record Found"
"PLAG1","5324","No Record Found","No Record Found","No Record Found","No Record Found"
"PLAU","5328","No Record Found","309","491","No Record Found"
"PLAUR","5329","No Record Found","310","492","360"
"POLR2H","5437","No Record Found","No Record Found","No Record Found","No Record Found"
"PRKAR1B","5575","No Record Found","No Record Found","No Record Found","No Record Found"
"PRKCA","5578","No Record Found","No Record Found","507","No Record Found"
"PRKCD","5580","No Record Found","No Record Found","509","No Record Found"
"MASP1","5648","No Record Found","No Record Found","No Record Found","No Record Found"
"KLK6","5653","No Record Found","226","No Record Found","No Record Found"
"HTRA1","5654","No Record Found","203","No Record Found","No Record Found"
"KLK10","5655","5655","218","No Record Found","No Record Found"
"PSMA3","5684","No Record Found","No Record Found","No Record Found","No Record Found"
"PTEN","5728","5728","318","520","374"
"PTGS1","5742","No Record Found","319","No Record Found","375"
"PTGS2","5743","No Record Found","No Record Found","521","376"
"PTPRC","5788","5743","No Record Found","No Record Found","381"
"RAB2A","5862","No Record Found","No Record Found","No Record Found","No Record Found"
"RAD51","5888","No Record Found","No Record Found","No Record Found","No Record Found"
"RARRES1","5918","No Record Found","No Record Found","No Record Found","388"
"RBP1","5947","No Record Found","326","No Record Found","391"
"RORB","6096","No Record Found","No Record Found","No Record Found","No Record Found"
"RP54X","6191","No Record Found","No Record Found","No Record Found","No Record Found"
"RPS6KB1","6198","No Record Found","330","No Record Found","No Record Found"
"RPS6KB2","6199","No Record Found","No Record Found","No Record Found","No Record Found"
"S100A2","6273","No Record Found","No Record Found","No Record Found","414"
"S100A4","6275","No Record Found","No Record Found","No Record Found","415"
"SAA1","6288","6288","No Record Found","No Record Found","No Record Found"
"SAA2","6289","No Record Found","No Record Found","No Record Found","No Record Found"
"SAT1","6303","No Record Found","No Record Found","No Record Found","No Record Found"
"CCL2","6347","No Record Found","No Record Found","94","No Record Found"
"CCL20","6364","No Record Found","No Record Found","No Record Found","No Record Found"
"CXCL5","6374","No Record Found","No Record Found","No Record Found","No Record Found"
"SDC1","6382","No Record Found","332","564","422"
"CXCL12","6387","No Record Found","121","161","No Record Found"
"SELP","6403","No Record Found","No Record Found","No Record Found","No Record Found"
"SFRS3","6428","No Record Found","No Record Found","No Record Found","No Record Found"
"SHBG","6462","No Record Found","No Record Found","No Record Found","No Record Found"
"ST6GAL1","6480","No Record Found","No Record Found","No Record Found","No Record Found"
"SKP2","6502","6502","No Record Found","579","No Record Found"
"SLC2A5","6518","No Record Found","No Record Found","No Record Found","No Record Found"
"SNAPC1","6617","No Record Found","No Record Found","No Record Found","No Record Found"
"SOX2","6657","No Record Found","No Record Found","No Record Found","No Record Found"
"SPP1","6696","6696","No Record Found","599","443"
"SRC","6714","No Record Found","No Record Found","602","445"
"SLC18A2","6751","No Record Found","No Record Found","610","No Record Found"
"SULT1E1","6783","No Record Found","No Record Found","No Record Found","No Record Found"
"STK11","6794","6794","352","No Record Found","No Record Found"
"SULT1A1","6817","No Record Found","No Record Found","No Record Found","No Record Found"
"TCEB3","6924","No Record Found","No Record Found","No Record Found","No Record Found"
"TBX3","6926","No Record Found","354","No Record Found","No Record Found"
"ZEB1","6935","No Record Found","No Record Found","No Record Found","No Record Found"
"TFAM","7019","No Record Found","No Record Found","No Record Found","No Record Found"
"TFAP2A","7020","No Record Found","357","631","No Record Found"
"TFF1","7031","No Record Found","No Record Found","No Record Found","464"
"TFF3","7033","7033","No Record Found","No Record Found","No Record Found"
"THBS2","7058","7058","No Record Found","No Record Found","No Record Found"
"THRB","7068","No Record Found","No Record Found","No Record Found","No Record Found"
"TIMP1","7076","7076","No Record Found","No Record Found","475"
"NKX2-1","7080","No Record Found","No Record Found","No Record Found","No Record Found"
"TNFAIP3","7128","No Record Found","No Record Found","652","No Record Found"
"TNXB","7148","No Record Found","No Record Found","No Record Found","No Record Found"
"TP53","7157","7157","366","No Record Found","483"
"TRO","7216","No Record Found","No Record Found","No Record Found","No Record Found"
"TRPC1","7220","No Record Found","No Record Found","No Record Found","No Record Found"
"TTK","7272","No Record Found","No Record Found","No Record Found","No Record Found"
"TYMS","7298","7298","371","675","496"
"UBE2E2","7325","No Record Found","No Record Found","No Record Found","No Record Found"
"UCHL1","7345","No Record Found","No Record Found","No Record Found","497"
"VEGFA","7422","7422","373","685","509"
"VIM","7431","No Record Found","No Record Found","687","513"
"WNT7A","7476","No Record Found","No Record Found","No Record Found","No Record Found"
"YES1","7525","No Record Found","No Record Found","No Record Found","527"
"YWHAB","7529","No Record Found","No Record Found","No Record Found","No Record Found"
"ZIC1","7545","No Record Found","No Record Found","No Record Found","No Record Found"
"ZNF207","7756","No Record Found","No Record Found","No Record Found","No Record Found"
"CXCR4","7852","No Record Found","122","163","101"
"ST8SIA4","7903","No Record Found","No Record Found","No Record Found","No Record Found"
"NCOA3","8202","No Record Found","295","No Record Found","314"
"SRPX","8406","No Record Found","No Record Found","No Record Found","No Record Found"
"LTBP4","8425","No Record Found","No Record Found","No Record Found","No Record Found"
"DHX16","8449","No Record Found","No Record Found","No Record Found","No Record Found"
"SORBS2","8470","No Record Found","No Record Found","No Record Found","No Record Found"
"PPM1D","8493","No Record Found","No Record Found","No Record Found","No Record Found"
"TMEFF1","8577","No Record Found","No Record Found","No Record Found","No Record Found"
"RUVBL1","8607","No Record Found","No Record Found","558","No Record Found"
"PPAP2C","8612","No Record Found","No Record Found","No Record Found","No Record Found"
"MARCO","8685","No Record Found","No Record Found","No Record Found","No Record Found"
"HYAL2","8692","No Record Found","No Record Found","No Record Found","213"
"ABCC3","8714","No Record Found","No Record Found","No Record Found","No Record Found"
"ADAM9","8754","8754","No Record Found","19","No Record Found"
"TNFRSF10C","8794","8794","No Record Found","No Record Found","No Record Found"
"ALDH1A2","8854","No Record Found","No Record Found","No Record Found","No Record Found"
"SPHK1","8877","No Record Found","No Record Found","No Record Found","No Record Found"
"KYNU","8942","No Record Found","No Record Found","No Record Found","No Record Found"
"CLDN1","9076","9076","99","No Record Found","No Record Found"
"LDB2","9079","No Record Found","No Record Found","No Record Found","No Record Found"
"TMSB10","9168","No Record Found","359","No Record Found","No Record Found"
"ZBED1","9189","No Record Found","No Record Found","No Record Found","No Record Found"
"GCNT3","9245","No Record Found","No Record Found","No Record Found","No Record Found"
"COPS2","9318","No Record Found","No Record Found","No Record Found","No Record Found"
"RASSF2","9770","No Record Found","No Record Found","No Record Found","No Record Found"
"IP6K1","9807","No Record Found","No Record Found","No Record Found","No Record Found"
"POM121","9883","No Record Found","No Record Found","No Record Found","No Record Found"
"ATP2C2","9914","No Record Found","No Record Found","No Record Found","No Record Found"
"P2RY14","9934","No Record Found","No Record Found","No Record Found","No Record Found"
"ARL4A","10124","No Record Found","No Record Found","No Record Found","No Record Found"
"SPRY2","10253","No Record Found","No Record Found","600","No Record Found"
"RAMP1","10267","No Record Found","No Record Found","No Record Found","No Record Found"
"EFS","10278","No Record Found","No Record Found","No Record Found","No Record Found"
"DNAJA2","10294","No Record Found","No Record Found","No Record Found","No Record Found"
"NDRG1","10397","10397","No Record Found","444","317"
"NDC80","10403","No Record Found","No Record Found","No Record Found","315"
"OLFM1","10439","No Record Found","No Record Found","No Record Found","No Record Found"
"AGR2","10551","No Record Found","No Record Found","33","No Record Found"
"SPTLC1","10558","No Record Found","No Record Found","No Record Found","No Record Found"
"GNLY","10578","No Record Found","No Record Found","No Record Found","No Record Found"
"IGF2BP3","10643","No Record Found","No Record Found","No Record Found","No Record Found"
"IGF2BP2","10644","No Record Found","No Record Found","No Record Found","No Record Found"
"GADD45G","10912","668","No Record Found","No Record Found","No Record Found"
"ACOT2","10965","No Record Found","No Record Found","No Record Found","No Record Found"
"ESM1","11082","No Record Found","No Record Found","No Record Found","No Record Found"
"ADAMTS5","11096","No Record Found","No Record Found","22","No Record Found"
"EMILIN1","11117","No Record Found","No Record Found","No Record Found","No Record Found"
"BTN2A1","11120","No Record Found","No Record Found","No Record Found","No Record Found"
"RASSF1","11186","11186","325","537","No Record Found"
"MRPL3","11222","No Record Found","No Record Found","No Record Found","No Record Found"
"INPP5F","22876","No Record Found","No Record Found","No Record Found","No Record Found"
"MAPRE1","22919","No Record Found","No Record Found","No Record Found","269"
"SIN3B","23309","No Record Found","No Record Found","No Record Found","No Record Found"
"MED13L","23389","No Record Found","No Record Found","No Record Found","No Record Found"
"FAM89B","23625","No Record Found","No Record Found","No Record Found","No Record Found"
"FLRT2","23768","2272","No Record Found","No Record Found","No Record Found"
"LMOD1","25802","No Record Found","No Record Found","No Record Found","No Record Found"
"SPDEF","25803","No Record Found","344","596","No Record Found"
"BAMBI","25805","No Record Found","No Record Found","No Record Found","No Record Found"
"PARM1","25849","No Record Found","No Record Found","No Record Found","No Record Found"
"C20orf32","25927","No Record Found","No Record Found","No Record Found","No Record Found"
"EGFL6","25975","No Record Found","No Record Found","No Record Found","No Record Found"
"KIF26A","26153","No Record Found","No Record Found","No Record Found","No Record Found"
"B3GAT3","26229","No Record Found","No Record Found","No Record Found","No Record Found"
"NGFRAP1","27018","No Record Found","No Record Found","No Record Found","324"
"MLH3","27030","No Record Found","No Record Found","No Record Found","284"
"DKK4","27121","No Record Found","No Record Found","No Record Found","No Record Found"
"HTRA2","27429","No Record Found","No Record Found","No Record Found","No Record Found"
"ATAD2","29028","No Record Found","No Record Found","No Record Found","No Record Found"
"PYCARD","29108","29108","No Record Found","529","No Record Found"
"ERO1L","30001","No Record Found","No Record Found","No Record Found","No Record Found"
"EHD2","30846","No Record Found","No Record Found","No Record Found","No Record Found"
"CDR2L","30850","No Record Found","No Record Found","No Record Found","No Record Found"
"NSDHL","50814","No Record Found","No Record Found","No Record Found","No Record Found"
"VPS36","51028","No Record Found","No Record Found","No Record Found","No Record Found"
"PPPDE1","51029","No Record Found","No Record Found","No Record Found","No Record Found"
"GLTP","51228","51228","No Record Found","No Record Found","No Record Found"
"CYP39A1","51302","No Record Found","No Record Found","No Record Found","No Record Found"
"VGLL1","51442","No Record Found","No Record Found","No Record Found","No Record Found"
"ATP8A2","51761","No Record Found","No Record Found","No Record Found","No Record Found"
"IL20RA","53832","No Record Found","No Record Found","No Record Found","No Record Found"
"POLE3","54107","No Record Found","No Record Found","No Record Found","No Record Found"
"UGT1A1","54658","No Record Found","No Record Found","No Record Found","No Record Found"
"EPDR1","54749","No Record Found","No Record Found","No Record Found","No Record Found"
"FAM20A","54757","No Record Found","No Record Found","No Record Found","No Record Found"
"FAM46C","54855","No Record Found","No Record Found","No Record Found","No Record Found"
"PID1","55022","No Record Found","No Record Found","No Record Found","No Record Found"
"SLC47A1","55244","No Record Found","No Record Found","No Record Found","No Record Found"
"FBXW7","55294","No Record Found","171","No Record Found","No Record Found"
"MEG3","55384","No Record Found","No Record Found","No Record Found","No Record Found"
"ENOSF1","55556","No Record Found","No Record Found","No Record Found","No Record Found"
"DEPDC1","55635","No Record Found","No Record Found","No Record Found","No Record Found"
"MMP26","56547","No Record Found","267","419","291"
"NPDC1","56654","No Record Found","No Record Found","No Record Found","332"
"TMEM9B","56674","No Record Found","No Record Found","No Record Found","No Record Found"
"TCEAL7","56849","6926","No Record Found","No Record Found","No Record Found"
"SMYD2","56950","No Record Found","No Record Found","No Record Found","No Record Found"
"SHD","56961","No Record Found","No Record Found","No Record Found","No Record Found"
"NUP107","57122","No Record Found","No Record Found","No Record Found","No Record Found"
"CD248","57124","No Record Found","No Record Found","No Record Found","No Record Found"
"ATP8B2","57198","No Record Found","No Record Found","No Record Found","No Record Found"
"SLC24A3","57419","No Record Found","No Record Found","No Record Found","No Record Found"
"KIAA1324","57535","57535","No Record Found","No Record Found","No Record Found"
"TSHZ3","57616","No Record Found","No Record Found","No Record Found","No Record Found"
"LRCH2","57631","No Record Found","No Record Found","No Record Found","No Record Found"
"LRRN1","57633","No Record Found","No Record Found","No Record Found","No Record Found"
"RNF213","57674","No Record Found","No Record Found","No Record Found","No Record Found"
"USP37","57695","No Record Found","No Record Found","No Record Found","No Record Found"
"C19ORF33","64073","No Record Found","No Record Found","No Record Found","No Record Found"
"XYLT1","64131","No Record Found","No Record Found","No Record Found","No Record Found"
"MS4A6","64231","No Record Found","No Record Found","No Record Found","No Record Found"
"CDCP1","64866","No Record Found","No Record Found","116","No Record Found"
"COLEC11","78989","No Record Found","No Record Found","No Record Found","No Record Found"
"CLMP","79827","No Record Found","No Record Found","No Record Found","No Record Found"
"TMC5","79838","No Record Found","No Record Found","No Record Found","No Record Found"
"ASRGL1","80150","No Record Found","No Record Found","No Record Found","No Record Found"
"CEP290","80184","No Record Found","No Record Found","No Record Found","No Record Found"
"HKDC1","80201","No Record Found","No Record Found","No Record Found","No Record Found"
"ITPKC","80271","No Record Found","No Record Found","No Record Found","No Record Found"
"ADAM3","80332","No Record Found","No Record Found","No Record Found","No Record Found"
"SLC38A1","81539","No Record Found","No Record Found","No Record Found","No Record Found"
"VOPP1","81552","No Record Found","No Record Found","No Record Found","No Record Found"
"GLT8D2","83468","No Record Found","No Record Found","No Record Found","No Record Found"
"EPPK1","83481","No Record Found","No Record Found","No Record Found","No Record Found"
"ESPN","83715","No Record Found","No Record Found","No Record Found","No Record Found"
"CRISPLD2","83716","No Record Found","No Record Found","No Record Found","No Record Found"
"TMEM101","84336","No Record Found","No Record Found","No Record Found","No Record Found"
"JPH4","84502","3576","No Record Found","No Record Found","No Record Found"
"LOXL3","84695","No Record Found","No Record Found","No Record Found","No Record Found"
"MGC1621","84848","No Record Found","No Record Found","No Record Found","No Record Found"
"TTC5","91875","No Record Found","No Record Found","No Record Found","No Record Found"
"TMEM132C","92293","No Record Found","No Record Found","No Record Found","No Record Found"
"HTRA3","94031","No Record Found","No Record Found","No Record Found","No Record Found"
"C1QTNF3","114899","No Record Found","No Record Found","No Record Found","No Record Found"
"FBXO32","114907","No Record Found","No Record Found","No Record Found","No Record Found"
"CTHRC1","115908","No Record Found","No Record Found","No Record Found","No Record Found"
"OSR2","116039","No Record Found","No Record Found","No Record Found","No Record Found"
"ZMYND19","116225","No Record Found","No Record Found","No Record Found","No Record Found"
"RBP7","116362","5947","No Record Found","No Record Found","No Record Found"
"TWIST2","117581","No Record Found","No Record Found","No Record Found","No Record Found"
"PLEKHH2","130271","No Record Found","No Record Found","No Record Found","No Record Found"
"MUM1L1","139221","No Record Found","No Record Found","No Record Found","No Record Found"
"FAM65C","140876","No Record Found","No Record Found","No Record Found","No Record Found"
"SESN3","143686","12","No Record Found","No Record Found","No Record Found"
"CMTM8","152189","No Record Found","No Record Found","No Record Found","No Record Found"
"DAB2IP","153090","No Record Found","No Record Found","177","No Record Found"
"KANK4","163782","No Record Found","No Record Found","No Record Found","No Record Found"
"RASSF6","166824","No Record Found","No Record Found","No Record Found","No Record Found"
"CDC20B","166979","No Record Found","No Record Found","No Record Found","No Record Found"
"RASGEF1A","221002","No Record Found","No Record Found","No Record Found","No Record Found"
"CASC2","255082","No Record Found","No Record Found","No Record Found","No Record Found"
"CYP4X1","260293","No Record Found","No Record Found","No Record Found","No Record Found"
"GPR133","283383","No Record Found","No Record Found","No Record Found","No Record Found"
"CXCL17","284340","No Record Found","No Record Found","No Record Found","No Record Found"
"EFHA2","286097","No Record Found","No Record Found","No Record Found","No Record Found"
"SCARA5","286133","No Record Found","No Record Found","No Record Found","No Record Found"
"BEX5","340542","No Record Found","No Record Found","No Record Found","No Record Found"
"ATP9B","374868","No Record Found","No Record Found","No Record Found","No Record Found"
"VGLL3","389136","No Record Found","No Record Found","No Record Found","No Record Found"
"CCR2","729230","729230","No Record Found","No Record Found","No Record Found"
"CD24","100133941","No Record Found","No Record Found","No Record Found","No Record Found"
