"Gene_Name","Gene_ID","Contig","Location","HPRD_ID","HGNC_ID","Unigene_ID","Ensemble_ID","PharmGkB_ID","OMIM_ID","Homologene_ID"
"SERPINA3","12","NC_000014.8","95078714..95090390","HPRD:00120","16","534293;710488","ENSG00000196136","-","107280","111129"
"ADD3","120","NC_000010.10","111765726..111895323","HPRD:03339","245","501012","ENSG00000148700","-","601568","40893"
"PARP1","142","NC_000001.10","226548392..226595801; complement","HPRD:01435","270","177766","ENSG00000143799","PA32","173870","1222"
"AKT1","207","NC_000014.8","105235686..105262080; complement","HPRD:01261","391","525622","ENSG00000142208","PA24684","164730","3785"
"ALPPL2","251","NC_000002.11","233271552..233275424","HPRD:01380","441","333509","ENSG00000163286","-","171810","122137"
"ANXA2","302","NC_000015.9","60639350..60690185; complement","HPRD:01061","537","511605","ENSG00000182718","PA24827","151740","20857"
"APC","324","NC_000005.9","112043218..112181936","HPRD:01439","583","158932","ENSG00000134982","-","611731","30950"
"BIRC5","332","NC_000017.10","76210277..76221716","HPRD:04520","593","514527;728893","ENSG00000089685","-","603352","37450"
"Fas","355","NC_000010.10","90750288..90775542","HPRD:00609","11920","244139","ENSG00000026103","-","134637","27"
"AR","367","NC_000023.10","66763874..66944119","HPRD:02437","644","496240","ENSG00000169083","-","313700","28"
"AREG","374","NC_000004.11","75310853..75320726","HPRD:00093","651","270833","ENSG00000109321","-","104640","1252"
"RHOC","389","NC_000001.10","113243749..113250025; complement","HPRD:01322","669","502659;658289","ENSG00000155366","-","165380","90945"
"ATR","545","NC_000003.11","142168077..142297668; complement","HPRD:08369","882","271791","ENSG00000175054","-","601215","96916"
"KIF1A","547","NC_000002.11","241653184..241759624; complemen","HPRD:03156","888","516802","ENSG00000130294","-","601255","99729"
"CCND1","595","NC_000011.9","69455873..69469242","HPRD:01346","1582","523852;667996","ENSG00000110092","-","168461","1334"
"BCL2L1","598","NC_000020.10","30252261..30310656; complement","HPRD:02497","992","516966","ENSG00000171552","-","600039","7639"
"CEACAM1","634","NC_000019.9","43011458..43032661; complement","HPRD:00191","1814","512682","ENSG00000079385","-","109770","113536"
"FOXL2","668","NC_000003.11","138663066..138665982; complement","HPRD:05723","1092","289292","ENSG00000183770","-","605597","74992"
"BRAF","673","NC_000007.13","140433812..140624564; complement","HPRD:01264","1097","550061","ENSG00000157764","-","164757","3197"
"BST2","684","NC_000019.9","17513755..17516384; complement","HPRD:02759","1119","118110","ENSG00000130303","PA25436","600534","48277"
"C8A","731","NC_000001.10","57320443..57383894","HPRD:00409","1352","93210","ENSG00000157131","-","120950","472"
"DDR1","780","NC_000006.11","30851861..30867933","HPRD:02678","2730","631988","ENSG00000204580","PA24348","600408","68212"
"CAPG","822","NC_000002.11","85621871..85637676; complement","HPRD:01088","1474","516155","ENSG00000042493","PA26056","153615","37523"
"CAPZA1","829","NC_000001.10","113162075..113214241","HPRD:03347","1488","727604","ENSG00000116489","-","601580","24376"
"CASP3","836","NC_000004.11","185548850..185570629; complement","HPRD:02799","1504","141125","ENSG00000164305","PA26087","600636","37912"
"CASP7","840","NC_000010.10","115438935..115490664","HPRD:03457","1508","9216","ENSG00000165806","-","601761","11168"
"RUNX1","861","NC_000021.8","36160098..36421595; complement","HPRD:01043","10471","149261;612648","ENSG00000159216","PA34884","151385","1331"
"RUNX1T1","862","NC_000008.10","92971152..93107443; complement","HPRD:00590","1535","368431","ENSG00000079102","-","133435","3801"
"CCNA2","890","NC_000004.11","122737599..122745088; complement","HPRD:00453","1578","58974","ENSG00000145386","-","123835","55562"
"CCNE1","898","NC_000019.9","30302901..30315219","HPRD:00455","1589","244723","ENSG00000105173","-","123837","14452"
"CD44","960","NC_000011.9","35160417..35253949","HPRD:00115","1681","502328","ENSG00000026508","PA26221","107269","508"
"CD69","969","NC_000012.11","9905082..9913497; complement","HPRD:00119","1694","208854","ENSG00000110848","-","107273","90963"
"CDC25B","994","NC_000020.10","3776401..3786762","HPRD:00307","1726","153752","ENSG00000101224","-","116949","41451"
"CDH1","999","NC_000016.9","68771195..68869444","HPRD:01885","1748","461086","ENSG00000039068","-","192090","20917"
"CDH3","1001","NC_000016.9","68678151..68732957","HPRD:00227","1762","191842","ENSG00000062038","-","114021","20425"
"CDH6","1004","NC_000005.9","31193796..31325237","HPRD:04305","1765","171054","ENSG00000113361","-","603007","21027"
"CDK4","1019","NC_000012.11","57799597..57803758; complement","HPRD:00447","1773","95577","ENSG00000135446","-","123829","55429"
"CDKN1A","1026","NC_000006.11","36646459..36655109","HPRD:00298","1784","370771","ENSG00000124762","PA104","116899","333"
"CDKN1B","1027","NC_000012.11","12870302..12875305","HPRD:02867","1785","238990","ENSG00000111276","PA105","600778","2999"
"CDKN2A","1029","NC_000009.11","21967751..21994490; complement","HPRD:02542","1787","512599","ENSG00000147889","-","600160","55430"
"CDKN3","1033","NC_000014.8","54863673..54886936","HPRD:00450","1791","84113","ENSG00000100526","-","123832","3805"
"CNR2","1269","NC_000001.10","24200460..24239817; complement","HPRD:05444","2160","73037","ENSG00000188822","-","605051","1389"
"CNTF","1270","NC_000011.9","58390146..58393206","HPRD:00347","2169","524920","ENSG00000242689;ENSG00000186660","-","118945","8288"
"COL3A1","1281","NC_000002.11","189839099..189877472","HPRD:00365","2201","443625;708235","ENSG00000168542","-","120180","55433"
"COL4A5","1287","NC_000023.10","107683154..107940775","HPRD:02363","2207","369089","ENSG00000188153","-","303630","22422"
"COX7A1","1346","NC_000019.9","36641824..36643771; complement","HPRD:00481","2287","421621","ENSG00000161281","-","123995","48051"
"CRABP2","1382","NC_000001.10","156669403..156675375; complement","HPRD:08353","2339","405662","ENSG00000143320","-","180231","1415"
"CREB1","1385","NC_000002.11","208394616..208470284","HPRD:00442","2345","516646","ENSG00000118260","PA26864","123810","3223"
"CSNK2B","1460","NC_000006.11","31633657..31637843","HPRD:00278","2460","73527","ENSG00000204435","-","115441","55572"
"CTNNB1","1499","NC_000003.11","41240942..41281939","HPRD:00286","2514","476018","ENSG00000168036","-","116806","1434"
"CTNND1","1500","NC_000011.9","57529234..57586652","HPRD:03026","2515","166011","ENSG00000198561","-","601045","1017"
"CTSB","1508","NC_000008.10","11700033..11725646; complement","HPRD:00287","2527","520898","ENSG00000164733","-","116810","37550"
"CTSD","1509","NC_000011.9","1773985..1785222; complement","HPRD:00291","2529","654447","ENSG00000117984","-","116840","55616"
"CTSH","1512","NC_000015.9","79214092..79237420; complement","HPRD:00288","2535","148641","ENSG00000103811","-","116820","36159"
"CTSW","1521","NC_000011.9","65647284..65651212","HPRD:03840","2546","416848","ENSG00000172543","-","602364","37471"
"CYP1A1","1543","NC_000015.9","75011883..75017877; complement","HPRD:00148","2595","72912","ENSG00000140465","-","108330","68062"
"CYP1B1","1545","NC_000002.11","38294746..38303323; complement","HPRD:03464","2597","154654","ENSG00000138061","PA27094","601771","68035"
"CYP3A7","1551","NC_000007.13","99302660..99332819; complement","HPRD:05630","2640","111944","ENSG00000160870","PA122","605340","121493"
"CYP17A1","1586","NC_000010.10","104590288..104597290; complement","HPRD:01944","2593","438016","ENSG00000148795","-","609300","73875"
"CYP19A1","1588","NC_000015.9","51500254..51630795; complement","HPRD:00488","2594","260074","ENSG00000137869","-","107910","30955"
"DACH1","1602","NC_000013.10","72012098..72441330; complement","HPRD:16031","2663","129452","ENSG00000165659","-","603803","7288"
"DARS","1615","NC_000002.11","136664254..136743222; complement","HPRD:04361","2678","503787","ENSG00000115866","PA27146","603084","1032"
"DLX5","1749","NC_000007.13","96649702..96654143; complement","HPRD:02492","2918","99348","ENSG00000105880","-","600028","3825"
"DNMT1","1786","NC_000019.9","10244022..10305755; complement","HPRD:00532","2976","202672","ENSG00000130816","PA27443","126375","124344"
"DPP6","1804","NC_000007.13","153584419..154264035","HPRD:00525","3010","490684;669076;703229","ENSG00000130226","-","126141","22560"
"SLC26A2","1836","NC_000005.9","149340300..149366963","HPRD:05990","10994","302738","ENSG00000155850","-","606718","73876"
"ECM2","1842","NC_000009.11","95257599..95298252; complement","HPRD:09148","3154","117060","ENSG00000106823","-","603479","1064"
"TYMP","1890","NC_000022.10","50964181..50968514; complement","HPRD:08833","3148","592212","ENSG00000025708","PA153","131222","1474"
"EDNRB","1910","NC_000013.10","78469616..78492966; complement","HPRD:08834","3180","82002","ENSG00000136160","-","131244","89"
"EFNB2","1948","NC_000013.10","107142093..107187337; complement","HPRD:02754","3227","149239","ENSG00000125266","PA27662","600527","3019"
"EGF","1950","NC_000004.11","110834040..110934118","HPRD:00578","3229","419815","ENSG00000138798","-","131530","1483"
"EGFR","1956","NC_000007.13","55086725..55275031","HPRD:00579","3236","488293","ENSG00000146648","PA7360","131550","74545"
"EIF4EBP1","1978","NC_000008.10","37888020..37917883","HPRD:03746","3288","411641","ENSG00000187840","-","602223","3021"
"ELF1","1997","NC_000013.10","41506055..41593508; complement","HPRD:01808","3316","135646","ENSG00000120690","PA27744","189973","7303"
"ELF5","2001","NC_000011.9","34500342..34535330; complement","HPRD:05525","3320","11713","ENSG00000135374","PA27748","605169","7702"
"EMP2","2013","NC_000016.9","10622279..10674539; complement","HPRD:11893","3334","531561","ENSG00000213853","-","602334","1089"
"ENSA","2029","NC_000001.10","150594599..150602098; complement","HPRD:11927","3360","632456","ENSG00000143420","-","603061","37924"
"EPHB2","2048","NC_000001.10","23037331..23241823","HPRD:02997","3393","523329","ENSG00000133216","-","600997","37925"
"EPHB4","2050","NC_000007.13","100400187..100425143; complement","HPRD:02481","3395","437008","ENSG00000196411","-","600011","20939"
"ErbB2","2064","NC_000017.10","37844393..37884915","HPRD:01281","3430","446352","ENSG00000141736","PA27844","164870","3273"
"ESR1","2099","NC_000006.11","152011631..152424409","HPRD:00589","3467","208124","ENSG00000091831","PA156","133430","47906"
"ESR2","2100","NC_000014.8","64693751..64805268; complement","HPRD:03390","3468","660607;729020","ENSG00000140009","PA27886","601663","1100"
"ETS1","2113","NC_000011.9","128328656..128457453; complement","HPRD:01260","3488","369438","ENSG00000134954","-","164720","3837"
"ETV5","2119","NC_000003.11","185764106..185826901; complement","HPRD:09035","3494","43697","ENSG00000244405","PA27908","601600","3276"
"F10","2159","NC_000013.10","113777113..113803843","HPRD:01966","3528","361463","ENSG00000126218","-","613872","30976"
"F13A1","2162","NC_000006.11","6144311..6320924; complement","HPRD:00604","3531","335513","ENSG00000124491","-","134570","20077"
"FBN1","2200","NC_000015.9","48700503..48937985; complement","HPRD:00618","3603","591133","ENSG00000166147","-","134797","30958"
"EFEMP1","2202","NC_000002.11","56093102..56150932; complement","HPRD:03331","3218","76224","ENSG00000115380","-","601548","3028"
"FGF2","2247","NC_000004.11","123747863..123819390","HPRD:00622","3676","284244","ENSG00000138685","-","134920","1521"
"FGFR1","2260","NC_000008.10","38268656..38326352; complement","HPRD:00634","3688","264887","ENSG00000077782","-","136350","69065"
"FHIT","2272","NC_000003.11 ","59735036..61237133; complement","HPRD:03096","3701","655995","ENSG00000189283","PA28140","601153","21661"
"FOXC1","2296","NC_000006.11","1610681..1614132","HPRD:03054","3800","348883","ENSG00000054598","-","601090","20373"
"FOLH1","2346","NC_000011.9","49168187..49230222; complement","HPRD:02961","3788","654487","ENSG00000086205","-","600934","121694"
"FUCA1","2517","NC_000001.10","24171567..24194859; complement","HPRD:01974","4006","370858","ENSG00000179163","PA28422","612280","20078"
"GAD1","2571","NC_000002.11","171673200..171717661","HPRD:12011","4092","420036","ENSG00000128683","-","605363","635"
"GAS6","2621","NC_000013.10","114523522..114567046; complement","HPRD:02705","4168","646346","ENSG00000183087","-","600441","638"
"SFN","2810","NC_000001.10","27189633..27190947","HPRD:03185","2810","523718","ENSG00000175793","-","601290","4475"
"GP2","2813","NC_000016.9","20321811..20338835; complement","HPRD:04279","4441","53985","ENSG00000169347","-","602977","114817"
"NR3C1","2908","NC_000005.9","142657496..142815077; complement","HPRD:00679","7978","122926;661099","ENSG00000113580","PA181","138040","30960"
"GSTP1","2950","NC_000011.9","67351066..67354124","HPRD:00614","4638","523836","ENSG00000084207","PA29028","134660","660"
"GZMA","3001","NC_000005.9","54398474..54406080","HPRD:00771","4708","90708","ENSG00000145649","-","140050","21237"
"HDAC2","3066","NC_000006.11","114257320..114292359; complement","HPRD:05521","4853","3352","ENSG00000196591","-","605164","68187"
"HGD","3081","NC_000003.11","120347015..120401418; complement","HPRD:06315","4892","368254","ENSG00000113924","-","607474","156"
"HIF1A","3091","NC_000014.8","62162119..62214977","HPRD:04517","4910","597216","ENSG00000100644","PA29283","603348","1171"
"HMGB1","3146","NC_000013.10","31032877..31040081; complement","HPRD:01228","4983","434102;593339;596078","ENSG00000189403","PA188","163905","110676"
"FOXA1","3169","NC_000014.8","38059189..38064489; complement","HPRD:03801","5021","163484","ENSG00000129514","-","602294","3307"
"FOXA2","3170","NC_000020.10","22561642..22566101; complement","HPRD:02618","5022","155651","ENSG00000125798","-","600288","7762"
"SLC29A2","3177","NC_000011.9","66129992..66139291; complement","HPRD:03662","11004","569017","ENSG00000174669","PA191","602110","37493"
"HOXA10","3206","NC_000007.13","27210210..27219876; complement","HPRD:00845","5100","659350;110637","ENSG00000253293","-","142957","7365"
"HOXA11","3207","NC_000007.13","27220776..27224835; complement","HPRD:00846","5101","249171","ENSG00000005073","-","142958","4033"
"HP","3240","NC_000016.9","72088508..72094955","HPRD:00772","5141","513711;708058","ENSG00000257017","-","140100","121756"
"HSPA8","3312","NC_000011.9","122928200..122932844; complement","HPRD:07205","5241","180414","ENSG00000109971","-","600816","68524"
"HTR1B","3351","NC_000006.11","78171948..78173120; complement","HPRD:01634","5287","123016","ENSG00000135312","-","182131","669"
"HYAL1","3373","NC_000003.11","50393064..50405515; complement","HPRD:06146","5320","75619","ENSG00000114378","-","607071","5277"
"ID4","3400","NC_000006.11","19837617..19840915","HPRD:08995","5363","519601","ENSG00000172201","-","600581","1186"
"IFIT4","3437","NC_000010.10","91087602..91100725","HPRD:05228","5411","47338","ENSG00000119917","-","604650","1189"
"IGF1","3479","NC_000012.11","102789645..102874378; complement","HPRD:00936","5464","160562","ENSG00000017427","-","147440","515"
"IGF2","3481","NC_000011.9","2150347..2170833; complement","HPRD:00939","5466","272259;718427","ENSG00000167244","PA29699","147470","510"
"IGFBP1","3484","NC_000007.13","45927959..45933267","HPRD:00897","5469","642938","ENSG00000146678","-","146730","498"
"IGFBP3","3486","NC_000007.13","45951844..45960871; complement","HPRD:00899","5472","450230;697535","ENSG00000146674","-","146732","500"
"IGFBP6","3489","NC_000012.11","53491436..53496128","HPRD:00902","5475","274313","ENSG00000167779","-","146735","1641"
"Cyr61","3491","NC_000001.10","86046444..86049650","HPRD:09089","2654","8867","ENSG00000142871","-","602369","1194"
"IGJ","3512","NC_000004.11","71521258..71532348; complement","HPRD:00991","5713","715953;643431","ENSG00000132465","PA29733","147790","16958"
"IL8","3576","NC_000004.11","74606275..74609433","HPRD:00909","6025","624","ENSG00000169429","-","146930","47937"
"IL11","3589","NC_000019.9","55875757..55881814; complement","HPRD:00980","5966","467304","ENSG00000095752","-","147681","535"
"ITGAV","3685","NC_000002.11","187454790..187545628","HPRD:01903","6150","436873","ENSG00000138448","-","193210","20510"
"KRAS","3845","NC_000012.11","25358180..25403854; complement","HPRD:01817","6407","505033","ENSG00000133703","-","190070","37990"
"KLRT32","3882","NC_000017.10","39615765..39623638; complement","HPRD:04134","6449","41752","ENSG00000108759","-","602760","68246"
"LAMB1","3912","NC_000007.13","107564246..107643804; complement","HPRD:01029","6486","650585","ENSG00000091136","-","150240","1722"
"LCN2","3934","NC_000009.11","130911732..130915734","HPRD:02551","6526","204238","ENSG00000148346","PA30309","600181","4064"
"LGALS3","3958","NC_000014.8","55595935..55612148","HPRD:01090","6563","531081","ENSG00000131981","-","153619","37608"
"LIMS1","3987","NC_000002.11","109150857..109303702","HPRD:03978","6616","613268;597715","ENSG00000169756","-","602567","123779"
"LOX","4015","NC_000005.9","121398890..121414055; complement","HPRD:01087","6664","102267","ENSG00000113083","-","153455","1741"
"LRP1","4035","NC_000012.11","57522282..57607142","HPRD:00138","6692","162757","ENSG00000123384","PA233","107770","1744"
"BCAM","4059","NC_000019.9","45312338..45324678","HPRD:00197","6722","625725","ENSG00000187244","-","612773","21149"
"MDM2","4193","NC_000012.11","69201971..69239212","HPRD:01272","6973","484551","ENSG00000135679","-","164785","1793"
"SCGB2A2","4250","NC_000011.9","62037630..62040628","HPRD:05712","7050","46452","ENSG00000110484","-","605562","105651"
"CXCL9","4283","NC_000004.11","76922623..76928641; complement","HPRD:03416","7098","77367","ENSG00000138755","-","601704","1813"
"MLH1","4292","NC_000003.11","37034841..37092337","HPRD:00390","7127","195364","ENSG00000076242","PA240","120436","208"
"MME","4311","NC_000003.11","154797436..154901518","HPRD:00392","7154","307734","ENSG00000196549","PA30864","120520","5275"
"MMP7","4316","NC_000011.9","102391239..102401478; complement","HPRD:01525","7174","2256","ENSG00000137673","-","178990","37619"
"MMP9","4318","NC_000020.10","44637547..44645200","HPRD:00387","7176","297413","ENSG00000100985","-","120361","3659"
"MMP10","4319","NC_000011.9","102641233..102651359; complement","HPRD:01704","7156","2258","ENSG00000166670","-","185260","20546"
"MSX2","4488","NC_000005.9","174151575..174157902","HPRD:00421","7392","89404","ENSG00000120149","-","123101","1837"
"MT1E","4493","NC_000016.9","56659585..56661024","HPRD:01126","7397","534330","ENSG00000169715","-","156351","81614"
"MTHFR","4524","NC_000001.10","11845787..11866160; complement","HPRD:06158","7436","214142","ENSG00000177000","PA245","607093","4349"
"MVD","4597","NC_000016.9","88718348..88729495; complement","HPRD:04454","7529","252457","ENSG00000167508","-","603236","1843"
"NDN","4692","NC_000015.9","23930554..23932450; complement","HPRD:03667","7675","50130","ENSG00000182636","-","602117","20559"
"NDUFA2","4695","NC_000005.9","140024948..140027370; complement","HPRD:11883","7685","534333","ENSG00000131495","-","602137","37628"
"NFE2L2","4780","NC_000002.11","178095033..178129859; complement","HPRD:02732","7782","661872","ENSG00000116044","PA31588","600492","2412"
"NFIB","4781","NC_000009.11","14081842..14398982; complement","HPRD:09008","7785","644095","ENSG00000147862","-","600728","4087"
"NFKB1","4790","NC_000004.11","103422486..103538459","HPRD:01238","7794","618430","ENSG00000109320","PA248","164011","2971"
"NID1","4811","NC_000001.10","236139130..236228481; complement","HPRD:00574","7821","356624","ENSG00000116962","-","131390","1878"
"NME1","4830","NC_000017.10","49230920..49239450","HPRD:01131","7849","463456","ENSG00000239672","PA249","156490","56418"
"NME2","4831","NC_000017.10","49242891..49249105","HPRD:01132","7850","463456","ENSG00000011052","PA250","156491","39553"
"NPR1","4881","NC_000001.10","153651164..153666468","HPRD:00165","7943","490330","ENSG00000169418","-","108960","37367"
"NPTX1","4884","NC_000017.10","78440633..78450404; complement","HPRD:03843","7952","719680;514556","ENSG00000171246","-","602367","1891"
"NT5E","4907","NC_000006.11","86159302..86205498","HPRD:00552","8021","153952","ENSG00000135318","-","129190","1895"
"OGN","4969","NC_000009.11","95146249..95166937; complement","HPRD:03856","8126","109439","ENSG00000106809","-","602383","8542"
"PA2G4","5036","NC_000012.11","56498103..56507694","HPRD:03685","8550","524498;573018","ENSG00000170515","-","602145","4513"
"PAFAHIB3","5050","NC_000019.9","42801185..42806952; complement","HPRD:04354","8576","466831","ENSG00000079462","-","603074","1933"
"SERPINB2","5055","NC_000018.9","61554939..61571124","HPRD:01420","8584","594481","ENSG00000197632","-","173390","20571"
"PAK3","5063","NC_000023.10","110187513..110464173","HPRD:02142","8592","656789","ENSG00000077264","-","300142","55664"
"PAPPA","5069","NC_000009.11","118916071..119164600","HPRD:01448","8602","643599;728832","ENSG00000182752","-","176385","31097"
"PAWR","5074","NC_000012.11","79985745..80084790; complement","HPRD:09051","8614","643130","ENSG00000177425","PA32954","601936","1940"
"PDGFRA","5156","NC_000004.11","55095264..55164412","HPRD:01429","8803","74615","ENSG00000134853","PA33147","173490","31361"
"PDYN","5173","NC_000020.10","1959402..1974891; complement","HPRD:08838","8820","22584","ENSG00000101327","-","131340","10321"
"PEG3","5178","NC_000019.9","57321445..57352094; complement","HPRD:03285","8826","-","ENSG00000198300","-","601483","31363"
"PGGT1B","5229","NC_000005.9","114546527..114598569; complement","HPRD:03612","8895","254006","ENSG00000164219","-","602031","3685"
"PGR","5241","NC_000011.9","100900355..101000544; complement","HPRD:07077","8910","32405","ENSG00000082175","-","607311","713"
"ABCB1","5243","NC_000007.13","87132948..87342564; complement","HPRD:01370","40","489033","ENSG00000085563","PA267","171050","55496"
"PITX1","5307","NC_000005.9","134363424..134369964; complement","HPRD:03688","9004","84136","ENSG00000069011","-","602149","20584"
"PLA2G4A","5321","NC_000001.10","186798032..186958113","HPRD:08986","9035","497200","ENSG00000116711","-","600522","32059"
"PLAG1","5324","NC_000008.10","57073468..57123859; complement","HPRD:04321","9045","14968","ENSG00000181690","-","603026","1993"
"PLAU","5328","NC_000010.10","75670862..75677259","HPRD:01883","9052","77274","ENSG00000122861","-","191840","55670"
"PLAUR","5329","NC_000019.9","44150248..44174502; complement","HPRD:01421","9053","466871","ENSG00000011422","-","173391","48120"
"POLR2H","5437","NC_000003.11","184081194..184086363","HPRD:09082","9195","432574","ENSG00000163882","-","606023","4540"
"PRKAR1B","5575","NC_000007.13","588834..767313; complement","HPRD:01485","9390","520851","ENSG00000188191","-","176911","37665"
"PRKCA","5578","NC_000017.10","64298926..64806862","HPRD:01498","9393","531704;708867","ENSG00000154229","PA33759","176960","55679"
"PRKCD","5580","NC_000003.11","53195223..53226733","HPRD:01501","9399","155342","ENSG00000163932","-","176977","55963"
"MASP1","5648","NC_000003.11","186933873..187009810; complement","HPRD:02749","6901","89983","ENSG00000127241","-","600521","89143"
"KLK6","5653","NC_000019.9","51461887..51472929; complement","HPRD:04037","6367","79361","ENSG00000167755","-","602652","68279"
"HTRA1","5654","NC_000010.10","124221041..124274424","HPRD:03725","9476","50128","ENSG00000166033","-","602194","31114"
"KLK10","5655","NC_000019.9","51516000..51523431; complement","HPRD:04054","6358","275464","ENSG00000129451","-","602673","26428"
"PSMA3","5684","NC_000014.8","58711593..58738726","HPRD:01463","9532","558799","ENSG00000100567","-","176843","2082"
"PTEN","5728","NC_000010.10","89623195..89728532","HPRD:03431","9588","500466","ENSG00000171862","PA33942","601728","265"
"PTGS1","5742","NC_000009.11","125133229..125157981","HPRD:07518","9604","201978","ENSG00000095303","PA24346","176805","743"
"PTGS2","5743","NC_000001.10","186640944..186649559; complement","HPRD:02599","9605","196384","ENSG00000073756","PA293","600262","31000"
"PTPRC","5788","NC_000001.10","198608137..198726545","HPRD:01050","9666","654514","ENSG00000081237","PA34011","151460","2126"
"RAB2A","5862","NC_000008.10","61429559..61533629","HPRD:01539","9763","369017","ENSG00000104388","-","179509","20628"
"RAD51","5888","NC_000015.9","40987327..41024356","HPRD:01557","9817","631709","ENSG00000051180","-","179617","2155"
"RARRES1","5918","NC_000003.11","158414897..158450275; complement","HPRD:05477","9867","131269","ENSG00000118849","-","605090","2166"
"RBP1","5947","NC_000003.11","139236276..139258671; complement","HPRD:07036","9919","529571","ENSG00000114115","-","180260","2175"
"RORB","6096","NC_000009.11","77112252..77302117","HPRD:09062","10259","494178","ENSG00000198963","-","601972","38250"
"RP54X","6191","NC_000023.10","71492453..71497141; complement","HPRD:02427","10424","118076","ENSG00000198034","-","312760","90857"
"RPS6KB1","6198","NC_000017.10","57970443..58027787","HPRD:10202","10436","463642","ENSG00000108443","-","608938","81703"
"RPS6KB2","6199","NC_000011.9","67195935..67202879","HPRD:10203","10437","534345","ENSG00000175634","-","608939","68374"
"S100A2","6273","NC_000001.10","153533584..153538306; complement","HPRD:01508","10492","516484","ENSG00000196754","-","176993","48389"
"S100A4","6275","NC_000001.10","153516095..153518282; complement","HPRD:15914","10494","654444","ENSG00000196154","-","114210","7924"
"SAA1","6288","NC_000011.9","18287808..18291524","HPRD:00097","10513","632144","ENSG00000173432","PA34921","104750","81819"
"SAA2","6289","NC_000011.9","18260588..18270182; complement","HPRD:00098","10514","1955","ENSG00000134339","PA34922","104751","117956"
"SAT1","6303","NC_000023.10","23801275..23804327","HPRD:02431","10540","28491","ENSG00000130066","-","313020","37716"
"CCL2","6347","NC_000017.10","32582296..32584222","HPRD:01149","10618","303649","ENSG00000108691","PA130413151","158105","2245"
"CCL20","6364","NC_000002.11","228678558..228682280","HPRD:03571","10619","75498","ENSG00000115009","-","601960","3375"
"CXCL5","6374","NC_000004.11","74861359..74864416; complement","HPRD:08976","10642","89714","ENSG00000163735","-","600324","88672"
"SDC1","6382","NC_000002.11","20400558..20425194; complement","HPRD:01718","10658","665958;224607","ENSG00000115884","PA35588","186355","2252"
"CXCL12","6387","NC_000010.10","44865605..44880545; complement","HPRD:02904","10672","522891","ENSG00000107562","-","600835","507"
"SELP","6403","NC_000001.10","169558087..169599377; complement","HPRD:01433","10721","73800","ENSG00000174175","-","173610","2260"
"SFRS3","6428","NC_000006.11","36562090..36572244","HPRD:04530","10785","405144","ENSG00000112081","-","603364","55708"
"SHBG","6462","NC_000017.10","7517382..7536700","HPRD:01646","10839","632235","ENSG00000129214","-","182205","813"
"ST6GAL1","6480","NC_000003.11","186648315..186796341","HPRD:00184","10860","207459","ENSG00000073849","-","109675","2281"
"SKP2","6502","NC_000005.9","36152189..36184147","HPRD:03256","10901","23348","ENSG00000145604","-","601436","55942"
"SLC2A5","6518","NC_000001.10","9097005..9148510; complement","HPRD:00690","11010","530003","ENSG00000142583","PA35880","138230","74459"
"SNAPC1","6617","NC_000014.8","62229075..62263146","HPRD:08998","11134","179312","ENSG00000023608","-","600591","2317"
"SOX2","6657","NC_000003.11","181429722..181432224","HPRD:08921","11195","518438","ENSG00000181449","-","184429","68298"
"SPP1","6696","NC_000004.11","88896802..88904563","HPRD:01325","11255","313","ENSG00000118785","-","166490","20156"
"SRC","6714","NC_000020.10","35973088..36033821","HPRD:01819","11283","195659","ENSG00000197122","-","190090","21120"
"SLC18A2","6751","NC_000014.8","38677204..38682268","HPRD:01673","11330","248160","ENSG00000139874","-","182451","820"
"SULT1E1","6783","NC_000004.11","70706930..70725870; complement","HPRD:08966","11377","479898","ENSG00000109193","PA340","600043","121607"
"STK11","6794","NC_000019.9","1205798..1228434","HPRD:03740","11389","515005","ENSG00000118046","-","602216","393"
"SULT1A1","6817","NC_000016.9","28616913..28634866; complement","HPRD:01372","11453","567342","ENSG00000196502","PA343","171150","68152"
"TCEB3","6924","NC_000001.10","24069856..24088549","HPRD:02873","11620","15535","ENSG00000011007","-","600786","37746"
"TBX3","6926","NC_000012.11","115108059..115121969; complement","HPRD:03373","11602","129895","ENSG00000135111","-","601621","4371"
"ZEB1","6935","NC_000010.10","31608101..31818742","HPRD:01798","11642","124503","ENSG00000148516","-","189909","31779"
"TFAM","7019","NC_000010.10","60145176..60155897","HPRD:02702","11741","642966","ENSG00000108064","-","600438","31139"
"TFAP2A","7020","NC_000006.11","10396916..10419797; complement","HPRD:00128","11742","519880","ENSG00000137203","-","107580","2421"
"TFF1","7031","NC_000021.8","43782391..43786644; complement","HPRD:00219","11755","162807","ENSG00000160182","-","113710","2426"
"TFF3","7033","NC_000021.8","43731777..43735706; complement","HPRD:02797","11757","82961","ENSG00000160180","-","600633","2427"
"THBS2","7058","NC_000006.11","169615875..169654137; complement","HPRD:01766","11786","371147","ENSG00000186340","-","188061","2438"
"THRB","7068","NC_000003.11","24158644..24536313; complement","HPRD:07521","11799","187861;728126","ENSG00000151090","-","190160","36025"
"TIMP1","7076","NC_000023.10","47441690..47446190","HPRD:02371","11820","522632","ENSG00000102265","-","305370","36321"
"NKX2-1","7080","NC_000014.8","36985602..36989430; complement","HPRD:02798","11825","94367","ENSG00000136352","-","600635","2488"
"TNFAIP3","7128","NC_000006.11","138188581..138204449","HPRD:01857","11896","211600","ENSG00000118503","-","191163","4582"
"TNXB","7148","NC_000006.11","32008932..32077153; complement","HPRD:02993","11976","42853;485104","ENSG00000168477","-","600985","49589"
"TP53","7157","NC_000017.10","7571720..7590863; complement","HPRD:01859","11998","654481","ENSG00000141510","PA36679","191170","460"
"TRO","7216","NC_000023.10","54947249..54957864","HPRD:02134","12326","633653","ENSG00000067445","-","300132","75113"
"TRPC1","7220","NC_000003.11","142443266..142526730","HPRD:11894","12333","250687","ENSG00000144935","-","602343","2478"
"TTK","7272","NC_000006.11","80714322..80752244","HPRD:04973","12401","169840","ENSG00000112742","-","604092","2489"
"TYMS","7298","NC_000018.9","657604..673499","HPRD:01774","12441","592338","ENSG00000176890","PA359","188350","834"
"UBE2E2","7325","NC_000003.11","23244784..23632296","HPRD:06779","12478","475688;595802","ENSG00000182247","-","602163","77337"
"UCHL1","7345","NC_000004.11","41258898..41270446","HPRD:01877","12513","518731","ENSG00000154277","-","191342","37894"
"VEGFA","7422","NC_000006.11","43737946..43754224","HPRD:01889","12680","73793","ENSG00000112715","PA37302","192240","2534"
"VIM","7431","NC_000010.10","17270258..17279592","HPRD:01899","12692","455493","ENSG00000026025","-","193060","2538"
"WNT7A","7476","NC_000003.11","13860082..13921618; complement","HPRD:03341","12786","72290","ENSG00000154764","-","601570","20969"
"YES1","7525","NC_000018.9","721592..812327; complement","HPRD:01285","12841","194148","ENSG00000176105","-","164880","55900"
"YWHAB","7529","NC_000020.10","43514344..43537161","HPRD:03184","12849","643544","ENSG00000166913","-","601289","20724"
"ZIC1","7545","NC_000003.11","147127181..147134506","HPRD:02718","12872","598590;647962","ENSG00000152977","-","600470","2562"
"ZNF207","7756","NC_000017.10","30677157..30697468","HPRD:04576","12998","500775","ENSG00000010244","-","603428","2581"
"CXCR4","7852","NC_000002.1","136871919..136875725; complement","HPRD:01217","2561","593413","ENSG00000121966","-","162643","20739"
"ST8SIA4","7903","NC_000005.9","100142639..100238987; complement","HPRD:03970","10871","308628","ENSG00000113532","-","602547","4147"
"NCOA3","8202","NC_000020.10","46130601..46285621","HPRD:03570","7670","592142","ENSG00000124151","-","601937","4764"
"SRPX","8406","NC_000023.10","38008588..38080177; complement","HPRD:02175","11309","15154","ENSG00000101955","-","300187","4598"
"LTBP4","8425","NC_000019.9","41099072..41135725","HPRD:05274","6717","466766","ENSG00000090006","PA30480","604710","2645"
"DHX16","8449","NC_000006.11","30620896..30640830; complement","HPRD:04555","2739","485060","ENSG00000204560","PA27205","603405","2658"
"SORBS2","8470","NC_000004.11","186506598..186877870; complement","HPRD:12473","24098","619806;655143","ENSG00000154556","-","0","83295"
"PPM1D","8493","NC_000017.10","58677554..58742036","HPRD:05482","9277","286073","ENSG00000170836","-","605100","31185"
"TMEFF1","8577","NC_000009.11","103235717..103339914","HPRD:04570","11866","598100","ENSG00000241697;ENSG00000251349","-","603421","88695"
"RUVBL1","8607","NC_000003.11","127799800..127842671; complement","HPRD:09143","10474","272822","ENSG00000175792","-","603449","37839"
"PPAP2C","8612","NC_000019.9","281043..291435; complement","HPRD:06180","9230","465506","ENSG00000141934","-","607126","2752"
"MARCO","8685","NC_000002.11","119699745..119752236","HPRD:05337","6895","67726","ENSG00000019169","-","604870","4928"
"HYAL2","8692","NC_000003.11","50355221..50360281; complement","HPRD:04649","5321","76873","ENSG00000068001","-","603551","7776"
"ABCC3","8714","NC_000017.10","48712218..48769063","HPRD:06826","54","463421","ENSG00000108846","PA376","604323","68364"
"ADAM9","8754","NC_000008.10","38854505..38962780","HPRD:04091","216","591852","ENSG00000168615","-","602713","20824"
"TNFRSF10C","8794","NC_000008.10","22960327..22974950","HPRD:04681","11906","655801","ENSG00000173535","-","603613","48244"
"ALDH1A2","8854","NC_000015.9 ","58245627..58357906; complement","HPRD:04733","15472","643455","ENSG00000128918","-","603687","68368"
"SPHK1","8877","NC_000017.10","74380690..74383941","HPRD:04768","11240","68061","ENSG00000176170","-","603730","39748"
"KYNU","8942","NC_000002.11","143635195..143799885","HPRD:08940","6469","470126","ENSG00000115919","-","605197","2925"
"CLDN1","9076","NC_000003.11","190023490..190040235; complement","HPRD:04760","2032","439060","ENSG00000163347","-","603718","9620"
"LDB2","9079","NC_000004.11","16503164..16900424; complement","HPRD:16022","6533","714330","ENSG00000169744","-","603450","989"
"TMSB10","9168","NC_000002.11","85132763..85133799","HPRD:01779","11879","446574","ENSG00000034510","-","188399","0"
"ZBED1","9189","NC_000023.10","2404455..2419008; complement","HPRD:02170","447","131452","ENSG00000214717","PA24753","300178","123965"
"GCNT3","9245","NC_000015.9","36791942..36800170","HPRD:06018","4205","194710","ENSG00000140297","-","606836","20993"
"COPS2","9318","NC_000015.9","49417471..49447854; complement","HPRD:05146","30747","369614","ENSG00000166200","-","604508","3124"
"RASSF2","9770","NC_000020.10","4760669..4804291; complement","HPRD:15218","9883","631504","ENSG00000101265","-","609492","22840"
"IP6K1","9807","NC_000003.11","49761728..49823973; complement","HPRD:07379","18360","386168","ENSG00000176095","-","606991","56602"
"POM121","9883","NC_000007.13","72349936..72418838","HPRD:11448","19702","655217","ENSG00000196313","-","0","70878"
"ATP2C2","9914","NC_000016.9","84402133..84497793","HPRD:13812","29103","6168","ENSG00000064270","-","613082","73463"
"P2RY14","9934","NC_000003.11","150929905..150996230; complement","HPRD:08820","16442","2465","ENSG00000174944","-","610116","15769"
"ARL4A","10124","NC_000007.13","12726481..12730559","HPRD:11987","695","245540;729252","ENSG00000122644","-","604786","4194"
"SPRY2","10253","NC_000013.10","80910111..80915086; complement","HPRD:03916","11270","18676","ENSG00000136158","-","602466","4267"
"RAMP1","10267","NC_000002.11","238768187..238820756","HPRD:05515","9843","471783","ENSG00000132329","-","605153","4275"
"EFS","10278","NC_000014.8","23825611..23834842; complement","HPRD:09932","16898","24587","ENSG00000100842","-","609906","4284"
"DNAJA2","10294","NC_000016.9","46989274..47007625; complement","HPRD:07105","14884","368078","ENSG00000069345","-","611322","21193"
"NDRG1","10397","NC_000008.10","134249414..134309547; complement","HPRD:05586","7679","372914;618002","ENSG00000104419","PA31482","605262","55953"
"NDC80","10403","NC_000018.9","2571510..2616634","HPRD:06277","16909","414407","ENSG00000080986","-","607272","38141"
"OLFM1","10439","NC_000009.11","137967089..138013030","HPRD:09249","17187","522484","ENSG00000130558","-","605366","8612"
"AGR2","10551","NC_000007.13","16832264..16844738; complement","HPRD:05896","328","530009","ENSG00000106541","-","606358","4674"
"SPTLC1","10558","NC_000009.11","94793427..94877690; complement","HPRD:05754","11277","90458","ENSG00000090054","-","605712","4681"
"GNLY","10578","NC_000002.11","85921414..85925875","HPRD:01788","4414","105806","ENSG00000115523","-","188855","117711"
"IGF2BP3","10643","NC_000007.13","23349828..23509995; complement","HPRD:16306","28868","700696","ENSG00000136231","-","608259","4773"
"IGF2BP2","10644","NC_000003.11","185361527..185542827; complement","HPRD:10507","28867","35354","ENSG00000073792","-","608289","4774"
"GADD45G","10912","NC_000009.11","92219927..92221470","HPRD:05383","4097","9701","ENSG00000130222","-","604949","21334"
"ACOT2","10965","NC_000014.8","74035772..74042359","HPRD:10173","18431","446685;699708","ENSG00000119673","-","609972","25661"
"ESM1","11082","NC_000005.9","54273695..54281414; complement","HPRD:03310","3466","129944","ENSG00000164283","-","601521","5107"
"ADAMTS5","11096","NC_000021.8","28290231..28339439; complement","HPRD:05420","221","58324","ENSG00000154736","-","605007","5109"
"EMILIN1","11117","NC_000002.11","27301435..27309271","HPRD:00563","19880","63348","ENSG00000138080","-","130660","5117"
"BTN2A1","11120","NC_000006.11","26458189..26469865","HPRD:12544","1136","159028","ENSG00000112763","-","613590","56017"
"RASSF1","11186","NC_000003.11","50367217..50378367; complement","HPRD:05470","9882","476270","ENSG00000068028","PA34245","605082","10499"
"MRPL3","11222","NC_000003.11","131181045..131221829; complement","HPRD:06175","10379","205163","ENSG00000114686","-","607118","31431"
"INPP5F","22876","NC_000010.10","121485609..121588659","HPRD:11048","17054","369755","ENSG00000198825","-","609389","8962"
"MAPRE1","22919","NC_000020.10","31407699..31438211","HPRD:04379","6890","472437","ENSG00000101367","-","603108","56129"
"SIN3B","23309","NC_000019.9","16940218..16991164","HPRD:09691","19354","13999","ENSG00000127511","-","607777","81810"
"MED13L","23389","NC_000012.11","116396381..116714991; complement","HPRD:10579","22962","603766;715095","ENSG00000123066","-","608771","25256"
"FAM89B","23625","NC_000011.9","65339820..65341669","HPRD:10100","16708","25723","ENSG00000176973","-","0","18749"
"FLRT2","23768","NC_000014.8","85996488..86094270","HPRD:05312","3761","533710;624735;729001","ENSG00000185070","-","604807","8291"
"LMOD1","25802","NC_000001.10","201865584..201915716; complement","HPRD:04093","6647","519075","ENSG00000163431","-","602715","8118"
"SPDEF","25803","NC_000006.11","34445580..34464091; complement","HPRD:12176","17257","485158","ENSG00000124664","-","608144","8231"
"BAMBI","25805","NC_000010.10","28966424..28971868","HPRD:05117","30251","533336","ENSG00000095739","-","604444","8215"
"PARM1","25849","NC_000004.11","75858285..75975325","HPRD:08529","24536","-","ENSG00000169116","-","0","41036"
"C20orf32","25927","NC_000002.11","68511303..68547183; complement","HPRD:12813","24546","212885","ENSG00000119865","-","0","9153"
"EGFL6","25975","NC_000023.10","13587694..13651694","HPRD:02212","3235","12844","ENSG00000198759","-","300239","9166"
"KIF26A","26153","NC_000014.8","104605060..104647235","-","20226","134970","ENSG00000066735","-","613231","18970"
"B3GAT3","26229","NC_000011.9","62382768..62389448; complement","HPRD:07564","923","502759","ENSG00000149541","-","606374","56554"
"NGFRAP1","27018","NC_000023.10","102631268..102633001","HPRD:02291","13388","448588","ENSG00000166681","-","300361","7642"
"MLH3","27030","NC_000014.8","75480467..75518235; complement","HPRD:05094","7128","436650","ENSG00000119684","-","604395","91153"
"DKK4","27121","NC_000008.10","42231586..42234674; complement","HPRD:05660","2894","159311","ENSG00000104371","-","605417","8680"
"HTRA2","27429","NC_000002.11","74756532..74760683","HPRD:05919","14348","469045","ENSG00000115317","PA33836","606441","113300"
"ATAD2","29028","NC_000008.10","124332090..124408705; complement","HPRD:10678","30123","370834","ENSG00000156802","-","611941","6044"
"PYCARD","29108","NC_000016.9","31212807..31214251; complement","HPRD:06020","16608","499094","ENSG00000103490","-","606838","8307"
"ERO1L","30001","NC_000014.8","53108605..53162419; complement","HPRD:13278","13280","592304","ENSG00000197930","-","0","49392"
"EHD2","30846","NC_000019.9","48216601..48246391","HPRD:10434","3243","631554","ENSG00000024422","-","605890","22825"
"CDR2L","30850","NC_000017.10","72983727..73001895","HPRD:11041","29999","78358","ENSG00000109089","-","0","35390"
"NSDHL","50814","NC_000023.10","151999511..152037907","HPRD:02229","13398","57698","ENSG00000147383","-","300275","5951"
"VPS36","51028","NC_000013.10","52986737..53024763; complement","HPRD:12620","20312","109520","ENSG00000136100","-","610903","9374"
"PPPDE1","51029","NC_000001.10","244816352..244872335","HPRD:15153","24264","498317","ENSG00000121644","-","0","56741"
"GLTP","51228","NC_000012.11","110288748..110318293; complement","HPRD:16409","24867","381256","ENSG00000139433","-","608949","41133"
"CYP39A1","51302","NC_000006.11","46517445..46620523; complement","HPRD:07067","17449","387367","ENSG00000146233","-","605994","9580"
"VGLL1","51442","NC_000023.10","135614311..135638966","HPRD:06751","20985","496843","ENSG00000102243","-","300583","9445"
"ATP8A2","51761","NC_000013.10","25946209..26595420","HPRD:05795","13533","444957","ENSG00000132932","-","605870","4443"
"IL20RA","53832","NC_000006.11","137321108..137366298; complement","HPRD:05729","6003","445868","ENSG00000016402","-","605620","8685"
"POLE3","54107","NC_000009.11","116169515..116173029; complement","HPRD:06274","13546","108112","ENSG00000148229","-","607267","9694"
"UGT1A1","54658","NC_000002.11","234668919..234681945","HPRD:08933","12530","554822","ENSG00000241635","PA420","191740","83117"
"EPDR1","54749","NC_000007.13","37960163..37991543","HPRD:16865","17572","563491","ENSG00000086289","-","0","9714"
"FAM20A","54757","NC_000017.10","66531257..66597095; complement","HPRD:13296","23015","268874","ENSG00000108950","-","611062","9719"
"FAM46C","54855","NC_000001.10","118148604..118171011","HPRD:13312","24712","356216","ENSG00000183508","-","613952","56783"
"PID1","55022","NC_000002.11","229888689..230136057; complement","HPRD:07944","26084","-","ENSG00000153823","-","612930","9924"
"SLC47A1","55244","NC_000017.10","19437167..19482346","HPRD:07703","25588","232054","ENSG00000142494","-","609832","34364"
"FBXW7","55294","NC_000004.11","153242410..153456172; complement","HPRD:05888","16712","561245","ENSG00000109670","PA28054","606278","117451"
"MEG3","55384","NC_000014.8","101292445..101327363","-","14575","654863;728801;728839","-","-","605636","0"
"ENOSF1","55556","NC_000018.9","672543..712662; complement","-","30365","369762;658550","ENSG00000132199","-","607427","9703"
"DEPDC1","55635","NC_000001.10","68939835..68962799; complement","HPRD:10879","22949","445098","ENSG00000024526","-","612002","9834"
"MMP26","56547","NC_000011.9","5009424..5013659","HPRD:05683","14249","204732","ENSG00000167346","-","605470","49684"
"NPDC1","56654","NC_000009.11","139933909..139940676; complement","HPRD:12048","7899","719906","ENSG00000107281","PA31701","605798","32050"
"TMEM9B","56674","NC_000011.9","8968840..8985989; complement","HPRD:12603","1168","501853","ENSG00000175348","-","0","23191"
"TCEAL7","56849","NC_000023.10","102585114..102587251","HPRD:06641","28336","21861","ENSG00000182916","-","300771","87220"
"SMYD2","56950","NC_000001.10","214454565..214510477","HPRD:15406","20982","66170","ENSG00000143499","-","610663","32466"
"SHD","56961","NC_000019.9","4278598..4290720","HPRD:15337","30633","7423","ENSG00000105251","-","610481","7537"
"NUP107","57122","NC_000012.11","69080731..69136473","HPRD:06356","29914","524574","ENSG00000111581","-","607617","5555"
"CD248","57124","NC_000011.9","66081958..66084515; complement","HPRD:06933","18219","195727","ENSG00000174807","-","606064","10699"
"ATP8B2","57198","NC_000001.10","154298036..154323780","HPRD:05794","13534","435700","ENSG00000143515","-","605867","23226"
"SLC24A3","57419","NC_000020.10","19193290..19703541","HPRD:15352","10977","654790","ENSG00000185052","-","609839","41390"
"KIAA1324","57535","NC_000001.10","109656585..109749403","HPRD:13850","29618","708190","ENSG00000116299","-","611298","23249"
"TSHZ3","57616","NC_000019.9","31765851..31840190; complement","HPRD:18351","30700","278436","ENSG00000121297","-","0","10835"
"LRCH2","57631","NC_000023.10","114345179..114468635; complement","HPRD:06602","29292","65366","ENSG00000130224","-","0","32491"
"LRRN1","57633","NC_000003.11","3841121..3889387","HPRD:14320","20980","163244","ENSG00000175928","-","0","32036"
"RNF213","57674","NC_000017.10","78234667..78370086","HPRD:10716","14539","195642","ENSG00000173821","-","613768","45439"
"USP37","57695","NC_000002.11","219314974..219433084; complement","HPRD:07506","20063","166068","ENSG00000135913","-","0","10858"
"C19ORF33","64073","NC_000019.9","38794804..38795646","HPRD:12706","16668","631544","ENSG00000167644","-","0","0"
"XYLT1","64131","NC_000016.9","17196181..17564738; complement","HPRD:12168","15516","22907;610023","ENSG00000103489","-","608124","32534"
"MS4A6","64231","NC_000011.9","59939080..59950674; complement","HPRD:09414","13375","523702","ENSG00000110077","-","606548","83320"
"CDCP1","64866","NC_000003.11","45123769..45187914; complement","HPRD:16696","24357","476093","ENSG00000163814","-","611735","11276"
"COLEC11","78989","NC_000002.11","3642637..3692048","HPRD:10847","17213","32603","ENSG00000118004","-","612502","11423"
"CLMP","79827","NC_000011.9","122943020..123066007; complement","HPRD:16513","24039","591949","ENSG00000166250","-","611693","11705"
"TMC5","79838","NC_000016.9","19422057..19510435","HPRD:15516","22999","115838","ENSG00000103534","-","0","11713"
"ASRGL1","80150","NC_000011.9","62104774..62160887","HPRD:07006","16448","535326","ENSG00000162174","-","609212","11825"
"CEP290","80184","NC_000019.9","88442790..88535993; complement","HPRD:10856","29021","150444","ENSG00000198707","-","610142","77213"
"HKDC1","80201","NC_000010.10","70980059..71027315","HPRD:08006","23302","522988","ENSG00000156510","-","0","56070"
"ITPKC","80271","NC_000019.9","41223008..41246765","HPRD:09400","14897","515415","ENSG00000086544","-","606476","11868"
"ADAM3","80332","NC_000020.10","3648620..3662738; complement","HPRD:06173","15478","173716","ENSG00000149451","PA24526","607114","11881"
"SLC38A1","81539","NC_000012.11","46576838..46663208; complement","HPRD:12245","13447","533770","ENSG00000111371","-","608490","12745"
"VOPP1","81552","NC_000007.13","55538306..55640200; complement","HPRD:08526","34518","488307","ENSG00000154978","-","611915","12772"
"GLT8D2","83468","NC_000012.11","104382765..104443915; complement","HPRD:14260","24890","631650","ENSG00000120820","-","0","41826"
"EPPK1","83481","NC_000008.10","144935822..144947434; complement","HPRD:06500","15577","200412","-","-","607553","20006"
"ESPN","83715","NC_000001.10","6484848..6521004","HPRD:06962","13281","-","ENSG00000187017","-","606351","23164"
"CRISPLD2","83716","NC_000016.9","84853587..84943116","HPRD:13186","25248","513779;617091","ENSG00000103196","-","612434","41792"
"TMEM101","84336","NC_000017.10","42088556..42092345; complement","HPRD:14623","28653","514211","ENSG00000091947","-","0","12649"
"JPH4","84502","NC_000014.8","24037244..24048009; complement","HPRD:17170","20156","597841","ENSG00000092051","-","0","13034"
"LOXL3","84695","NC_000002.11","74759946..74781062; complement","HPRD:06200","13869","727659","ENSG00000115318","-","607163","56591"
"MGC16121","84848","NC_000023.10","133677407..133680660; complement","HPRD:06638","0","416379","-","-","0","0"
"TTC5","91875","NC_000014.8","20757290..20774153; complemen","HPRD:15584","19274","98553","ENSG00000136319","-","0","14397"
"TMEM132C","92293","NC_000012.11","128751948..129192460","-","25436","49599","ENSG00000181234","-","0","76567"
"HTRA3","94031","NC_000004.11","8271492..8308834","HPRD:08821","30406","479119","ENSG00000170801","-","608785","12697"
"C1QTNF3","114899","NC_000005.9","34017963..34043317; complement","HPRD:12716","14326","171929","ENSG00000082196","-","612045","12788"
"FBXO32","114907","NC_000008.10","124515358..124553446; complement","HPRD:05966","16731","403933","ENSG00000156804","-","606604","12182"
"CTHRC1","115908","NC_000008.10","104383786..104395217","HPRD:16772","18831","405614","ENSG00000164932","-","610635","16320"
"OSR2","116039","NC_000008.10","99956631..99964328","HPRD:17806","15830","253247","ENSG00000164920","-","611297","14200"
"ZMYND19","116225","NC_000009.11","140476531..140484937; complement","HPRD:15743","21146","128096","ENSG00000165724","-","611424","12093"
"RBP7","116362","NC_000001.10","10057255..10076078","HPRD:16355","30316","422688","ENSG00000162444","-","608604","32521"
"TWIST2","117581","NC_000002.11","239756673..239795893","HPRD:09616","20670","422585","ENSG00000233608","-","607556","40594"
"PLEKHH2","130271","NC_000002.11","43864439..43995126","HPRD:15149","30506","164162","ENSG00000152527","-","612723","35317"
"MUM1L1","139221","NC_000023.10","105412298..105452949","HPRD:06555","26583","592221","ENSG00000157502","-","0","51851"
"FAM65C","140876","NC_000020.10","49202645..49253426; complement","HPRD:12757","16168","372578","ENSG00000042062","-","0","15438"
"SESN3","143686","NC_000011.9","94906133..94964246; complement","HPRD:09682","23060","659934","ENSG00000149212","-","607768","14386"
"CMTM8","152189","NC_000003.11","32280171..32411813","HPRD:06989","19179","154986",":ENSG00000170293","-","607891","12345"
"DAB2IP","153090","NC_000009.11","124329399..124547809","HPRD:09903","17294","522378","ENSG00000136848","-","609205","13058"
"KANK4","163782","NC_000001.10","62701837..62785083; complement","HPRD:14109","27263","283398","ENSG00000132854","-","0","18244"
"RASSF6","166824","NC_000004.11","74438862..74486340; complement","HPRD:15220","20796","590920","ENSG00000169435","-","612620","37125"
"CDC20B","166979","NC_000005.9","54408799..54469005; complement","HPRD:13428","24222","669184","ENSG00000164287","-","0","65056"
"RASGEF1A","221002","NC_000010.10","43689984..43701575; complement","HPRD:15211","24246","125293","ENSG00000198915","-","0","17067"
"CASC2","255082","NC_000010.10","119806332..119969665","HPRD:12266","22933","89387","-","-","608598","0"
"CYP4X1","260293","NC_000001.10","47489240..47516423","HPRD:13110","20244","439760","ENSG00000186377","-","0","75853"
"GPR133","283383","NC_000012.11","131438452..131626010","HPRD:17061","19893","719239","ENSG00000111452","-","613639","34616"
"CXCL17","284340","NC_000019.9","42932695..42947136; complement","HPRD:18264","19232","445586","ENSG00000189377","-","611387","18875"
"EFHA2","286097","NC_000008.10","16884747..16980148","HPRD:13264","27820","403594","ENSG00000155970","-","610633","15058"
"SCARA5","286133","NC_000008.10","27727736..27850198; complement","HPRD:11356","28701","591833","ENSG00000168079","-","611306","12556"
"BEX5","340542","NC_000023.10","101408679..101410986; complement","HPRD:18484","27990","47209","ENSG00000184515","-","300693","53470"
"ATP9B","374868","NC_000018.9","76829397..77138283","HPRD:16528","13541","465475","ENSG00000166377","-","0","21915"
"VGLL3","389136","NC_000003.11","86987123..87040257; complement","HPRD:13431","24327","606507","ENSG00000206538","-","609980","53442"
"CCR2","729230","NC_000003.11","46395235..46402413","-","1603","705362;511794","ENSG00000121807","-","601267","537"
"CD24","100133941","NC_000024.9","21152526..21154705; complement","-","1645","644105;721443","-","PA26202","600074","122183"
