"Gene_Name","Gene_ID","HPRD_ID","Molecular_Class","Molecular_Function","Biological_Process"
"SERPINA3","12","HPRD:00120","Protease inhibitor","Protease inhibitor activity","Protein metabolism"
"ADD3","120","HPRD:03339","Cytoskeletal associated protein","Cytoskeletal protein binding","Cell growth and/or maintenance"
"PARP1","142","HPRD:01435","Enzyme: Ribosyltransferase","Catalytic activity","Protein metabolism"
"AKT1","207","HPRD:01261","Serine/threonine kinase","Protein serine/threonine kinase activity","Cell communication ; Signal transduction"
"ALPPL2","251","HPRD:01380","Enzyme: Alkaline phosphatase","Alkaline phosphatase activity","Metabolism ; Energy pathways"
"ANXA2","302","HPRD:01061","Calcium binding protein","Calcium binding protein","Calcium binding protein"
"APC","324","HPRD:01439","Adhesion molecule","Cell adhesion molecule activity","Cell communication ; Signal transduction"
"BIRC5 ","332","HPRD:04520","Adapter molecule","Receptor signaling complex scaffold activity","Cell communication ; Signal transduction"
"Fas","355","HPRD:00609","Cell surface receptor","Receptor activity","Cell communication ; Signal transduction"
"AR","367","HPRD:02437","Nuclear receptor","Ligand-dependent nuclear receptor activity","Cell communication ; Signal transduction"
"AREG","374","HPRD:00093","Growth factor","Growth factor activity","Cell communication ; Signal transduction"
"RHOC","389","HPRD:01322","GTPase","GTPase activity","Cell communication ; Signal transduction"
"ATR","545","HPRD:08369","Serine/threonine kinase","Protein serine/threonine kinase activity","Cell communication ; Signal transduction"
"KIF1A","547","HPRD:03156","Motor protein","Motor activity","Transport"
"CCND1","595","HPRD:01346","Cell cycle control protein","Kinase binding","Cell communication ; Signal transduction"
"BCL2L1","598","HPRD:02497","Adapter molecule","Receptor signaling complex scaffold activity","Apoptosis"
"CEACAM1","634","HPRD:00191","Adhesion molecule","Molecular function unknown","Signal transduction"
"FOXL2","668","HPRD:05723","Transcription regulatory protein","Transcription regulator activity","Regulation of nucleobase; nucleoside; nucleotide and nucleic acid metabolism"
"BRAF","673","HPRD:01264","Serine/threonine kinase","Protein serine/threonine kinase activity","Cell communication ; Signal transduction"
"BST2","684","HPRD:02759","Integral membrane protein","Molecular function unknown","Immune response"
"C8A","731","HPRD:00409","Complement protein","Complement activity","Immune response"
"DDR1","780","HPRD:02678","Receptor tyrosine kinase","Transmembrane receptor protein tyrosine kinase activity","Cell communication ; Signal transduction"
"CAPG","822","HPRD:01088","Cytoskeletal associated protein","Cytoskeletal protein binding","Cell growth and/or maintenance"
"CAPZA1","829","HPRD:03347","Structural protein","Structural molecule activity","Cell growth and/or maintenance"
"CASP3","836","HPRD:02799","Cysteine protease","Cysteine-type peptidase activity","Apoptosis"
"CASP7","840","HPRD:03457","Cysteine protease","Cysteine-type peptidase activity","Apoptosis"
"RUNX1","861","HPRD:01043","Transcription factor","Transcription factor activity","Regulation of nucleobase; nucleoside; nucleotide and nucleic acid metabolism"
"RUNX1T1","862","HPRD:00590","Transcription regulatory protein","Transcription factor binding","Regulation of gene expression; epigenetic"
"CCNA2","890","HPRD:00453","Cell cycle control protein","Kinase binding","Cell communication ; Signal transduction"
"CCNE1","898","HPRD:00455","Cell cycle control protein","Kinase binding","Cell communication ; Signal transduction"
"CD44","960","HPRD:00115","Cell surface receptor","Receptor activity","Cell communication ; Signal transduction"
"CD69","969","HPRD:00119","Cell surface receptor","Receptor activity","Immune response"
"CDC25B","994","HPRD:00307","Dual specificity phosphatase","Protein tyrosine/serine/threonine phosphatase activity","Cell communication ; Signal transduction"
"CDH1","999","HPRD:01885","Adhesion molecule","Cell adhesion molecule activity","Cell communication ; Signal transduction"
"CDH3","1001","HPRD:00227","Adhesion molecule","Cell adhesion molecule activity","Cell communication ; Signal transduction"
"CDH6","1004","HPRD:04305","Adhesion molecule","Cell adhesion molecule activity","Cell communication ; Signal transduction"
"CDK4","1019","HPRD:00447","Cell cycle control protein","Kinase activity","Cell communication ; Signal transduction"
"CDKN1A","1026","HPRD:00298","Cell cycle control protein","Kinase regulator activity","Regulation of cell cycle"
"CDKN1B","1027","HPRD:02867","Cell cycle control protein","Kinase regulator activity","Cell communication ; Signal transduction"
"CDKN2A","1029","HPRD:02542","Cell cycle control protein","Kinase regulator activity","Cell communication ; Signal transduction"
"CDKN3","1033","HPRD:00450","Dual specificity phosphatase","Protein tyrosine/serine/threonine phosphatase activity","Cell communication ; Signal transduction"
"CNR2","1269","HPRD:05444","G protein coupled receptor","G-protein coupled receptor activity","Cell communication ; Signal transduction"
"CNTF","1270","HPRD:00347","Cytokine","Cytokine activity","Cell communication ; Signal transduction"
"COL3A1","1281","HPRD:00365","Extracellular matrix protein","Extracellular matrix structural constituent","Cell growth and/or maintenance"
"COL4A5","1287","HPRD:02363","Extracellular matrix protein","Extracellular matrix structural constituent","Cell growth and/or maintenance"
"COX7A1","1346","HPRD:00481","Enzyme: Oxidoreductase","Oxidoreductase activity","Metabolism ; Energy pathways"
"CRABP2","1382","HPRD:08353","Transcription regulatory protein","Transcription regulator activity","Regulation of nucleobase; nucleoside; nucleotide and nucleic acid metabolism"
"CREB1","1385","HPRD:00442","Transcription factor","Transcription factor activity","Regulation of nucleobase; nucleoside; nucleotide and nucleic acid metabolism"
"CSNK2B","1460","HPRD:00278","Serine/threonine kinase","Protein serine/threonine kinase activity","Cell communication ; Signal transduction"
"CTNNB1","1499","HPRD:00286","Adhesion molecule","Cell adhesion molecule activity","Cell communication ; Signal transduction"
"CTNND1","1500","HPRD:03026","Adhesion molecule","Cell adhesion molecule activity","Cell communication ; Signal transduction"
"CTSB","1508","HPRD:00287","Cysteine protease","Cysteine-type peptidase activity","Protein metabolism ; Apoptosis"
"CTSD","1509","HPRD:00291","Aspartic protease","Aspartic-type signal peptidase activity","Protein metabolism"
"CTSH","1512","HPRD:00288","Cysteine protease","Cysteine-type peptidase activity","Protein metabolism"
"CTSW","1521","HPRD:03840","Cysteine protease","Cysteine-type peptidase activity","Protein metabolism"
"CYP1A1","1543","HPRD:00148","Enzyme: Hydroxylase","Catalytic activity","Metabolism ; Energy pathways"
"CYP1B1","1545","HPRD:03464","Enzyme: Oxidoreductase","Oxidoreductase activity","Metabolism ; Energy pathways"
"CYP3A7","1551","HPRD:05630","Enzyme: Oxidase","Catalytic activity","Metabolism ; Energy pathways"
"CYP17A1","1586","HPRD:01944","Enzyme: Hydroxylase","Catalytic activity","Metabolism ; Energy pathways"
"CYP19A1","1588","HPRD:00488","Enzyme: Hydroxylase","Oxidoreductase activity","Hormone metabolism"
"DACH1","1602","HPRD:16031","Transcription regulatory protein","Transcription regulator activity","Regulation of nucleobase; nucleoside; nucleotide and nucleic acid metabolism"
"DARS","1615","HPRD:04361","ATPase","ATPase activity","Metabolism ; Energy pathways"
"DLX5","1749","HPRD:02492","Transcription regulatory protein","Transcription regulator activity","Regulation of nucleobase; nucleoside; nucleotide and nucleic acid metabolism"
"DNMT1","1786","HPRD:00532","DNA methyltransferase","DNA-methyltransferase activity","Regulation of nucleobase; nucleoside; nucleotide and nucleic acid metabolism"
"DPP6","1804"," HPRD:00525","Membrane transport protein","Auxiliary transport protein activity","Transport"
"SLC26A2","1836","HPRD:05990","Transport/cargo protein","Transporter activity","Transport"
"ECM2","1842","HPRD:09148","Extracellular matrix protein","Extracellular matrix structural constituent","Cell growth and/or maintenance"
"TYMP","1890","HPRD:08833","Growth factor","Growth factor activity","Cell communication ; Signal transduction"
"EDNRB","1910","HPRD:08834","G protein coupled receptor","G-protein coupled receptor activity","Cell communication ; Signal transduction"
"EFNB2","1948","HPRD:02754","Membrane bound ligand","Receptor binding","Cell communication ; Signal transduction"
"EGF","1950","HPRD:00578","Growth factor","Growth factor activity","Cell communication ; Signal transduction"
"EGFR","1956","HPRD:00579","Receptor tyrosine kinase","Transmembrane receptor protein tyrosine kinase activity","Cell communication ; Signal transduction"
"EIF4EBP1","1978","HPRD:03746","Translation regulatory protein","Translation regulator activity","Protein metabolism"
"ELF1","1997","HPRD:01808","Transcription factor","Transcription factor activity","Regulation of nucleobase; nucleoside; nucleotide and nucleic acid metabolism"
"ELF5","2001","HPRD:05525","Transcription factor","Transcription factor activity","Regulation of nucleobase; nucleoside; nucleotide and nucleic acid metabolism"
"EMP2","2013","HPRD:11893","Cell cycle control protein","Molecular function unknown","Cell growth and/or maintenance"
"ENSA","2029","HPRD:11927","Ligand","Receptor binding","Transport"
"EPHB2","2048","HPRD:02997","Receptor tyrosine kinase","Transmembrane receptor protein tyrosine kinase activity","Cell communication ; Signal transduction"
"EPHB4","2050","HPRD:02481","Receptor tyrosine kinase","Transmembrane receptor protein tyrosine kinase activity","Cell communication ; Signal transduction"
"ErbB2","2064","HPRD:01281","Receptor tyrosine kinase","Transmembrane receptor protein tyrosine kinase activity","Cell communication ; Signal transduction"
"ESR1","2099","HPRD:00589","Transcription factor","Transcription factor activity","Regulation of nucleobase; nucleoside; nucleotide and nucleic acid metabolism"
"ESR2","2100","HPRD:3390","Transcription factor","Transcription factor activity","Regulation of nucleobase; nucleoside; nucleotide and nucleic acid metabolism"
"ETS1","2113","HPRD:01260","Transcription factor","Transcription factor activity","Regulation of nucleobase; nucleoside; nucleotide and nucleic acid metabolism"
"ETV5","2119","HPRD:09035","Transcription regulatory protein","Transcription regulator activity","Regulation of nucleobase; nucleoside; nucleotide and nucleic acid metabolism"
"F10","2159","HPRD:01966","Coagulation factor","Peptidase activity","Protein metabolism"
"F13A1","2162","HPRD:00604","Coagulation factor","Transferase activity","Metabolism ; Energy pathways"
"FBN1","2200","HPRD:00618","Extracellular matrix protein","Extracellular matrix structural constituent","Cell growth and/or maintenance"
"EFEMP1","2202","HPRD:03331","Extracellular matrix protein","Extracellular matrix structural constituent","Cell growth and/or maintenance"
"FGF2","2247","HPRD:00622","Growth factor","Growth factor activity","Cell communication ; Signal transduction"
"FGFR1","2260","HPRD:00634","Receptor tyrosine kinase","Transmembrane receptor protein tyrosine kinase activity","Cell communication ; Signal transduction"
"FHIT","2272","HPRD:03096","Enzyme: Hydrolase","Hydrolase activity","Regulation of nucleobase; nucleoside; nucleotide and nucleic acid metabolism"
"FOXC1","2296","HPRD:03054","Transcription factor","Transcription factor activity","Regulation of nucleobase; nucleoside; nucleotide and nucleic acid metabolism"
"FOLH1","2346","HPRD:02961","Carboxypeptidase","Carboxypeptidase activity","Protein metabolism"
"FUCA1","2517","HPRD:01974","Enzyme: Hydrolase","Hydrolase activity","Metabolism ; Energy pathways"
"GAD1","2571","HPRD:12011","Enzyme: Decarboxylase","Carboxy-lyase activity","Metabolism ; Energy pathways"
"GAS6","2621","HPRD:02705","Growth factor","Growth factor activity","Cell communication ; Signal transduction"
"SFN","2810","HPRD:03185","Adapter molecule","Receptor signaling complex scaffold activity","Cell communication ; Signal transduction"
"GP2","2813","HPRD:04279","Integral membrane protein","Molecular function unknown","Biological-process unknown"
"NR3C1","2908","HPRD:00679","Nuclear receptor","Ligand-dependent nuclear receptor activity","Regulation of nucleobase; nucleoside; nucleotide and nucleic acid metabolism"
"GSTP1","2950","HPRD:00614","Enzyme: Glutathione transferase","Glutathione transferase activity","Metabolism ; Energy pathways"
"GZMA","3001","HPRD:00771","Serine protease","Serine-type peptidase activity","Protein metabolism"
"HDAC2","3066","HPRD:05521","Transcription regulatory protein","Transcription regulator activity","Regulation of nucleobase; nucleoside; nucleotide and nucleic acid metabolism"
"HGD","3081","HPRD:06315","Enzyme: Oxygenase","Catalytic activity","Metabolism ; Energy pathways"
"HIF1A","3091","HPRD:04517","Transcription factor","Transcription factor activity","Regulation of nucleobase; nucleoside; nucleotide and nucleic acid metabolism"
"HMGB1","3146","HPRD:01228","DNA binding protein","DNA binding","Regulation of nucleobase; nucleoside; nucleotide and nucleic acid metabolism"
"FOXA1","3169","HPRD:03801","Transcription factor","Transcription factor activity","Regulation of nucleobase; nucleoside; nucleotide and nucleic acid metabolism"
"FOXA2","3170","HPRD:02618","Transcription factor","Transcription factor activity","Regulation of nucleobase; nucleoside; nucleotide and nucleic acid metabolism"
"SLC29A2","3177","HPRD:03662","Membrane transport protein","Auxiliary transport protein activity","Transport"
"HOXA10","3206","HPRD:00845","Transcription factor","Transcription factor activity","Regulation of nucleobase; nucleoside; nucleotide and nucleic acid metabolism"
"HOXA11","3207","HPRD:00846","Transcription factor","Transcription factor activity","Regulation of nucleobase; nucleoside; nucleotide and nucleic acid metabolism"
"HP","3240","HPRD:00772","Transport/cargo protein","Transporter activity","Transport"
"HSPA8","3312","HPRD:07205","Heat shock protein","Heat shock protein activity","Protein metabolism"
"HTR1B","3351","HPRD:01634","G protein coupled receptor","G-protein coupled receptor activity","Cell communication ; Signal transduction"
"HYAL1","3373","HPRD:06146","Enzyme: Hydrolase","Hydrolase activity","Metabolism"
"ID4","3400","HPRD:08995","Transcription regulatory protein","Transcription regulator activity","Regulation of nucleobase; nucleoside; nucleotide and nucleic acid metabolism"
"IFIT4","3437","HPRD:05228","Unclassified","Molecular function unknown","Immune response"
"IGF1","3479","HPRD:00936","Growth factor","Growth factor activity","Cell communication ; Signal transduction ; Anti-apoptosis ; Lipid metabolism ; Wound healing ; Cell proliferation ; Cell motility"
"IGF2","3481","HPRD:00939","Growth factor","Growth factor activity","Cell communication ; Signal transduction"
"IGFBP1","3484","HPRD:00897","Adhesion molecule","Cell adhesion molecule activity","Cell communication ; Signal transduction"
"IGFBP3","3486","HPRD:00899","Growth inhibitory factor","Growth factor binding","Cell communication ; Signal transduction ; Apoptosis"
"IGFBP6","3489","HPRD:00902","Adhesion molecule","Cell adhesion molecule activity","Cell communication ; Signal transduction"
"Cyr61","3491","HPRD:09089","Extracellular matrix protein","Extracellular matrix structural constituent","Cell communication ; Signal transduction"
"IGJ","3512","HPRD:00991","Immunoglobulin","Immunoglobulin","Immune response"
"IL8","3576","HPRD:00909","Cytokine","Cytokine activity","Immune response"
"IL11","3589","HPRD:00980","Cytokine","Cytokine activity","Immune response"
"ITGAV","3685","HPRD:01903","Cell surface receptor","Receptor activity","Cell communication ; Signal transduction ; Cell adhesion"
"KRAS","3845","HPRD:01817","GTPase","GTPase activity","Signal transduction"
"KLRT32","3882","HPRD:04134","Cytoskeletal protein","Structural constituent of cytoskeleton","Cell growth and/or maintenance"
"LAMB1","3912","HPRD:01029","Extracellular matrix protein","Extracellular matrix structural constituent","Cell growth and/or maintenance"
"LCN2","3934","HPRD:02551","Transport/cargo protein","Transporter activity","Transport"
"LGALS3","3958","HPRD:01090","Transcription regulatory protein","Transcription regulator activity","Regulation of nucleobase; nucleoside; nucleotide and nucleic acid metabolism"
"LIMS1","3987","HPRD:03978","Adapter molecule","Receptor signaling complex scaffold activity","Cell communication ; Signal transduction"
"LOX","4015","HPRD:01087","Enzyme: Oxidase","Catalytic activity","Metabolism ; Energy pathways"
"LRP1","4035","HPRD:00138","Cell surface receptor","Receptor activity","Cell communication ; Signal transduction"
"BCAM","4059","HPRD:00197","Adhesion molecule","Cell adhesion molecule activity","Cell communication ; Signal transduction"
"MDM2","4193","HPRD:01272","Ubiquitin proteasome system protein","Ubiquitin-specific protease activity","Protein metabolism"
"SCGB2A2","4250","HPRD:05712","Secreted polypeptide","Molecular function unknown","Cell communication ; Signal transduction"
"CXCL9","4283","HPRD:03416","Chemokine","Chemokine activity","Immune response"
"MLH1","4292","HPRD:00390","DNA repair protein","DNA repair protein","Regulation of nucleobase; nucleoside; nucleotide and nucleic acid metabolism"
"MME","4311","HPRD:00392","Metallo protease","Metallopeptidase activity","Protein metabolism"
"MMP7","4316","HPRD:01525","Metallo protease","Metallopeptidase activity","Protein metabolism"
"MMP9","4318","HPRD:00387","Metallo protease","Metallopeptidase activity","Protein metabolism"
"MMP10","4319","HPRD:01704","Metallo protease","Metallopeptidase activity","Protein metabolism"
"MSX2","4488","HPRD:00421","Transcription factor","Transcription factor activity","Regulation of nucleobase; nucleoside; nucleotide and nucleic acid metabolism"
"MT1E","4493","HPRD:01126","Transport/cargo protein","Transporter activity","Transport"
"MTHFR","4524","HPRD:06158","Enzyme: Oxidoreductase","Oxidoreductase activity","Metabolism ; Energy pathways"
"MVD","4597","HPRD:04454","Enzyme: Decarboxylase","Carboxy-lyase activity","Metabolism ; Energy pathways"
"NDN","4692","HPRD:03667","DNA binding protein","DNA binding","Regulation of nucleobase; nucleoside; nucleotide and nucleic acid metabolism"
"NDUFA2","4695","HPRD:11883","Enzyme: Oxidoreductase","Oxidoreductase activity","Metabolism ; Energy pathways"
"NFE2L2","4780","HPRD:02732","Transcription factor","Transporter activity","Regulation of nucleobase; nucleoside; nucleotide and nucleic acid metabolism"
"NFIB","4781","HPRD:09008","Transcription factor","Transcription factor activity","Regulation of nucleobase; nucleoside; nucleotide and nucleic acid metabolism"
"NFKB1","4790","HPRD:01238","Transcription factor","Transcription factor activity","Regulation of nucleobase; nucleoside; nucleotide and nucleic acid metabolism"
"NID1","4811","HPRD:00574","Extracellular matrix protein","Extracellular matrix structural constituent","Cell growth and/or maintenance"
"NME1","4830","HPRD:01131","Enzyme: Phosphotransferase","Catalytic activity","Metabolism ; Energy pathways"
"NME2","4831","HPRD:01132","Transcription factor","Transporter activity","Signal transduction ; Regulation of nucleobase; nucleoside; nucleotide and nucleic acid metabolism"
"NPR1","4881","HPRD:00165","Guanylate cyclase","Guanylate cyclase activity","Cell communication ; Signal transduction"
"NPTX1","4884","HPRD:03843","Transport/cargo protein","Transporter activity","Cell communication ; Signal transduction"
"NT5E","4907","HPRD:00552","Enzyme: Hydrolase","Hydrolase activity","Regulation of nucleobase; nucleoside; nucleotide and nucleic acid metabolism"
"OGN","4969","HPRD:03856","Growth factor","Growth factor activity","Organogenesis ; Cell communication ; Signal transduction"
"PA2G4","5036","HPRD:03685","Transcription regulatory protein","Transcription regulator activity","Regulation of nucleobase; nucleoside; nucleotide and nucleic acid metabolism"
"PAFAHIB3","5050","HPRD:04354","Enzyme: Acyltransferase","Acyltransferase activity","Metabolism ; Energy pathways"
"SERPINB2","5055","HPRD:01420","Protease inhibitor","Protease inhibitor activity","Protein metabolism ; Anti-apoptosis"
"PAK3","5063","HPRD:02142","Serine/threonine kinase","Protein serine/threonine kinase activity","Cell communication ; Signal transduction"
"PAPPA","5069","HPRD:01448","Metallo protease","Metallopeptidase activity","Protein metabolism"
"PAWR","5074","HPRD:09051","Transcription regulatory protein","Transcription regulator activity","Regulation of nucleobase; nucleoside; nucleotide and nucleic acid metabolism"
"PDGFRA","5156","HPRD:01429","Receptor tyrosine kinase","Transmembrane receptor protein tyrosine kinase activity","Cell communication ; Signal transduction"
"PDYN","5173","HPRD:08838","Peptide hormone","Peptide hormone","Cell communication ; Signal transduction"
"PEG3","5178","HPRD:03285","Transcription factor","Transcription factor activity","Regulation of nucleobase; nucleoside; nucleotide and nucleic acid metabolism"
"PGGT1B","5229","HPRD:03612","Enzyme: Prenyltransferase","Transferase activity","Metabolism ; Energy pathways"
"PGR","5241","HPRD:07077","Nuclear receptor","Transcription regulator activity","Signal transduction ; Transcription"
"ABCB1","5243","HPRD:01370","Transport/cargo protein","Transporter activity","Transport"
"PITX1","5307","HPRD:03688","Transcription factor","Transcription factor activity","Regulation of nucleobase; nucleoside; nucleotide and nucleic acid metabolism"
"PLA2G4A","5321","HPRD:08986","Enzyme: Phospholipase","Phospholipase activity","Metabolism ; Energy pathways"
"PLAG1","5324","HPRD:04321","Transcription factor","Transcription factor activity","Regulation of nucleobase; nucleoside; nucleotide and nucleic acid metabolism"
"PLAU","5328","HPRD:01883","Serine protease","Serine-type peptidase activity","Protein metabolism"
"PLAUR","5329","HPRD:01421","Cell surface receptor","Receptor activity","Cell communication ; Signal transduction"
"POLR2H","5437","HPRD:09082","RNA polymerase","DNA-directed RNA polymerase activity","Regulation of nucleobase; nucleoside; nucleotide and nucleic acid metabolism"
"PRKAR1B","5575","HPRD:01485","Serine/threonine kinase","Protein serine/threonine kinase activity","Cell communication ; Signal transduction"
"PRKCA","5578","HPRD:01498","Serine/threonine kinase","Protein serine/threonine kinase activity","Cell communication ; Signal transduction"
"PRKCD","5580","HPRD:01501","Serine/threonine kinase","Protein serine/threonine kinase activity","Cell communication ; Signal transduction"
"MASP1","5648","HPRD:02749","Serine protease","Serine-type peptidase activity","Protein metabolism"
"KLK6","5653","HPRD:04037","Serine protease","Serine-type peptidase activity","Protein metabolism"
"HTRA1","5654","HPRD:03725","Serine protease","Serine-type peptidase activity","Protein metabolism"
"KLK10","5655","HPRD:04054","Serine protease","Serine-type peptidase activity","Protein metabolism"
"PSMA3","5684","HPRD:01463","Ubiquitin proteasome system protein","Ubiquitin-specific protease activity","Protein metabolism"
"PTEN","5728","HPRD:03431","Lipid phosphatase","Lipid phosphatase activity","Cell communication ; Signal transduction"
"PTGS1","5742","HPRD:07518","Enzyme: Oxygenase","Catalytic activity","Lipid metabolism"
"PTGS2","5743","HPRD:02599","Enzyme: Synthase","Peroxidase activity","Metabolism ; Energy pathways"
"PTPRC","5788","HPRD:01050","Receptor tyrosine phosphatase","Receptor signaling protein tyrosine phosphatase activity","Cell communication ; Signal transduction"
"RAB2A","5862","HPRD:01539","GTPase","GTPase activity","Cell communication ; Signal transduction"
"RAD51 ","5888","HPRD:01557","DNA binding protein","DNA binding","Regulation of nucleobase; nucleoside; nucleotide and nucleic acid metabolism"
"RARRES1","5918","HPRD:05477","Integral membrane protein","Signal transducer activity","Cell communication ; Signal transduction"
"RBP1","5947","HPRD:07036","Transport/cargo protein","Transporter activity","Transport"
"RORB","6096","HPRD:09062","Transcription factor","Transcription factor activity","Regulation of nucleobase; nucleoside; nucleotide and nucleic acid metabolism"
"RP54X","6191","HPRD:02427","Ribosomal subunit","Structural constituent of ribosome","Protein metabolism"
"RPS6KB1","6198","HPRD:10202","Serine/threonine kinase","Protein serine/threonine kinase activity","Cell communication ; Signal transduction"
"RPS6KB2","6199","HPRD:10203","Serine/threonine kinase","Protein serine/threonine kinase activity","Protein metabolism ; Signal transduction"
"S100A2","6273","HPRD:01508","Calcium binding protein","Calcium ion binding","Cell communication ; Signal transduction"
"S100A4","6275","HPRD:15914","Calcium binding protein","Calcium ion binding","Cell growth and/or maintenance"
"SAA1","6288","HPRD:00097","Transport/cargo protein","Transporter activity","Lipid transport"
"SAA2","6289","HPRD:00098","Transport/cargo protein","Transporter activity","Transporter activity"
"SAT1","6303","HPRD:02431","Enzyme: Acyltransferase","Acyltransferase activity","Metabolism ; Energy pathways"
"CCL2","6347","HPRD:01149","Chemokine","Chemokine activity","Immune response"
"CCL20","6364","HPRD:03571","Chemokine","Chemokine activity","Immune response"
"CXCL5","6374","HPRD:08976","Chemokine","Chemokine activity","Cell communication ; Signal transduction"
"SDC1","6382","HPRD:01718","Cell surface receptor","Receptor activity","Cell communication ; Signal transduction"
"CXCL12","6387","HPRD:02904","Chemokine","Chemokine activity","Cell communication ; Signal transduction"
"SELP","6403","HPRD:01433","Adhesion molecule","Cell adhesion molecule activity","Cell communication ; Signal transduction"
"SFRS3","6428","HPRD:04530","RNA binding protein","RNA binding","Regulation of nucleobase; nucleoside; nucleotide and nucleic acid metabolism"
"SHBG","6462","HPRD:01646","Transport/cargo protein","Transporter activity","Transport"
"ST6GAL1","6480","HPRD:00184","Enzyme: Sialyltransferase","Sialyltransferase activity","Immune response"
"SKP2","6502","HPRD:03256","Ubiquitin proteasome system protein","Ubiquitin-specific protease activity","Regulation of cell cycle"
"SLC2A5","6518","HPRD:00690","Membrane transport protein","Auxiliary transport protein activity","Transport"
"SNAPC1","6617","HPRD:08998","Transcription regulatory protein","Transcription regulator activity","Regulation of nucleobase; nucleoside; nucleotide and nucleic acid metabolism"
"SOX2","6657","HPRD:08921","Transcription factor","Transcription factor activity","Regulation of nucleobase; nucleoside; nucleotide and nucleic acid metabolism"
"SPP1","6696","HPRD:01325","Adhesion molecule","Cell adhesion molecule activity","Cell growth and/or maintenance"
"SRC","6714","HPRD:01819","Tyrosine kinase","Protein-tyrosine kinase activity","Signal transduction"
"SLC18A2","6751","HPRD:01673","G protein coupled receptor","G-protein coupled receptor activity","Cell communication ; Signal transduction"
"SULT1E1","6783","HPRD:08966","Enzyme: Sulphotransferase","Sulfotransferase activity","Metabolism ; Energy pathways"
"STK11","6794","HPRD:03740","Serine/threonine kinase","Protein serine/threonine kinase activity","Cell communication ; Signal transduction"
"SULT1A1","6817","HPRD:01372","Enzyme: Sulphotransferase","Sulfotransferase activity","Metabolism ; Energy pathways"
"TCEB3","6924","HPRD:02873","Transcription regulatory protein","Transcription regulator activity","Regulation of nucleobase; nucleoside; nucleotide and nucleic acid metabolism"
"TBX3","6926","HPRD:03373","Transcription regulatory protein","Transcription regulator activity","Regulation of nucleobase; nucleoside; nucleotide and nucleic acid metabolism"
"ZEB1","6935","HPRD:01798","Transcription factor","Transcription factor activity","Regulation of nucleobase; nucleoside; nucleotide and nucleic acid metabolism"
"TFAM","7019","HPRD:02702","Transcription factor","Transcription factor activity","Regulation of nucleobase; nucleoside; nucleotide and nucleic acid metabolism"
"TFAP2A","7020","HPRD:00128","Transcription factor","Transcription factor activity","Development ; Apoptosis ; Cell differentiation ; Regulation of gene expression; epigenetic"
"TFF1","7031","HPRD:00219","Secreted polypeptide","Molecular function unknown","Cell communication ; Signal transduction"
"TFF3","7033","HPRD:02797","Secreted polypeptide","Defense/immunity protein activity","Immune response"
"THBS2","7058","HPRD:01766","Extracellular matrix protein","Extracellular matrix structural constituent","Cell growth and/or maintenance"
"THRB","7068","HPRD:07521","Nuclear receptor","Ligand-dependent nuclear receptor activity","Cell communication ; Signal transduction"
"TIMP1","7076","HPRD:02371","Extracellular matrix protein","Extracellular matrix structural constituent","Cell growth and/or maintenance"
"NKX2-1","7080","HPRD:02798","Transcription factor","Transcription factor activity","Regulation of nucleobase; nucleoside; nucleotide and nucleic acid metabolism"
"TNFAIP3","7128","HPRD:01857","Transcription regulatory protein","Transcription regulator activity","Regulation of nucleobase; nucleoside; nucleotide and nucleic acid metabolism"
"TNXB","7148","HPRD:02993","Extracellular matrix protein","Extracellular matrix structural constituent","Cell growth and/or maintenance"
"TP53","7157","HPRD:01859","Transcription factor","Transcription factor activity","Regulation of nucleobase; nucleoside; nucleotide and nucleic acid metabolism;Apoptosis"
"TRO","7216","HPRD:02134","Integral membrane protein","Cell adhesion molecule activity","Cell adhesion"
"TRPC1","7220","HPRD:11894","Ion channel","Ion channel activity","Transport"
"TTK","7272","HPRD:04973","Dual specificity kinase","Protein threonine/tyrosine kinase activity","Cell communication ; Signal transduction"
"TYMS","7298","HPRD:01774","Enzyme: Ligase","Ligase activity","Metabolism ; Energy pathways"
"UBE2E2","7325","HPRD:06779","Ubiquitin proteasome system protein","Ubiquitin-specific protease activity","Protein metabolism"
"UCHL1","7345","HPRD:01877","Ubiquitin proteasome system protein","Ubiquitin-specific protease activity","Protein metabolism"
"VEGFA","7422","HPRD:01889","Growth factor","Growth factor activity","Cell communication ; Signal transduction"
"VIM","7431","HPRD:01899","Cytoskeletal protein","Structural constituent of cytoskeleton","Cell growth and/or maintenance"
"WNT7A","7476","HPRD:03341","Ligand","Receptor binding","Cell communication ; Signal transduction"
"YES1","7525","HPRD:01285","Tyrosine kinase","Protein-tyrosine kinase activity","Cell communication ; Signal transduction"
"YWHAB","7529","HPRD:03184","Adapter molecule","Receptor signaling complex scaffold activity","Signal transduction"
"ZIC1","7545","HPRD:02718","Transcription factor","Transcription factor activity","Regulation of nucleobase; nucleoside; nucleotide and nucleic acid metabolism"
"ZNF207","7756","HPRD:04576","DNA binding protein","DNA binding","Regulation of nucleobase; nucleoside; nucleotide and nucleic acid metabolism"
"CXCR4","7852","HPRD:01217","G protein coupled receptor","G-protein coupled receptor activity","Cell communication ; Signal transduction"
"ST8SIA4","7903","HPRD:03970","Enzyme: Sialyltransferase","Transferase activity","Metabolism ; Energy pathways"
"NCOA3","8202","HPRD:03570","Transcription regulatory protein","Transcription regulator activity","Cell communication ; Signal transduction"
"SRPX","8406","HPRD:02175","Unclassified","Molecular function unknown","Biological-process unknown"
"LTBP4","8425","HPRD:05274","Extracellular matrix protein","Extracellular matrix structural constituent","Cell growth and/or maintenance"
"DHX16","8449","HPRD:04555","ATPase","ATPase activity","Regulation of nucleobase; nucleoside; nucleotide and nucleic acid metabolism"
"SORBS2","8470","HPRD:12473","Adapter molecule","Receptor signaling complex scaffold activity","Cell communication ; Signal transduction"
"PPM1D","8493","HPRD:05482","Serine/threonine phosphatase","Protein serine/threonine phosphatase activity","Cell communication ; Signal transduction"
"TMEFF1","8577","HPRD:04570","Cell surface receptor","Receptor activity","Cell communication ; Signal transduction"
"RUVBL1","8607","HPRD:09143","DNA binding protein","DNA binding","Regulation of nucleobase; nucleoside; nucleotide and nucleic acid metabolism"
"PPAP2C","8612","HPRD:06180","Enzyme: Hydrolase","Hydrolase activity","Cell communication ; Signal transduction"
"MARCO","8685","HPRD:05337","Cell surface receptor","Receptor activity","Immune response"
"HYAL2","8692","HPRD:04649","Enzyme: Hydrolase","Hydrolase activity","Metabolism ; Energy pathways"
"ABCC3","8714","HPRD:06826","Membrane transport protein","Auxiliary transport protein activity","Transport"
"ADAM9","8754","HPRD:04091","Metallo protease","Metallopeptidase activity","Protein metabolism"
"TNFRSF10C","8794","HPRD:04681","Cell surface receptor","Receptor activity","Biological-process unknown"
"ALDH1A2","8854","HPRD:04733","Enzyme: Dehydrogenase","Catalytic activity","Metabolism ; Energy pathways"
"SPHK1","8877","HPRD:04768","Lipid Kinase","Lipid kinase activity","Signal transduction"
"KYNU","8942","HPRD:08940","Enzyme: Hydrolase","Hydrolase activity","Metabolism ; Energy pathways"
"CLDN1","9076","HPRD:04760","Cell junction protein","Cell adhesion molecule activity","Cell growth and/or maintenance"
"LDB2","9079","HPRD:16022","Transcription regulatory protein","Transcription regulator activity","Regulation of nucleobase; nucleoside; nucleotide and nucleic acid metabolism"
"TMSB10","9168","HPRD:01779","Cytoskeletal associated protein","Cytoskeletal protein binding","Cell growth and/or maintenance"
"ZBED1","9189","HPRD:02170","Transcription regulatory protein","Transcription regulator activity","Regulation of nucleobase; nucleoside; nucleotide and nucleic acid metabolism"
"GCNT3","9245","HPRD:06018","Enzyme: Glucosaminyltransferase","Transferase activity","Metabolism ; Energy pathways"
"COPS2","9318","HPRD:05146","Transcription regulatory protein","Transcription regulator activity","Regulation of nucleobase; nucleoside; nucleotide and nucleic acid metabolism"
"RASSF2","9770","HPRD:15218","Cell cycle control protein","Caspase activator activity","Apoptosis ; Cell death"
"IP6K1","9807","HPRD:07379","Lipid Kinase","Lipid kinase activity","Cell communication ; Signal transduction ; Vesicle docking"
"POM121","9883","HPRD:11448","Integral membrane protein","Structural constituent of nuclear pore","Transport"
"ATP2C2","9914","HPRD:13812","Calcium binding protein","Calcium ion binding","Cell communication ; Signal transduction"
"P2RY14","9934","HPRD:08820","G protein coupled receptor","G-protein coupled receptor activity","Cell communication ; Signal transduction"
"ARL4A","10124","HPRD:11987","GTPase","GTPase activity","Cell communication ; Signal transduction"
"SPRY2 ","10253","HPRD:03916","Unclassified","Molecular function unknown","Cell communication ; Signal transduction"
"RAMP1","10267","HPRD:05515","Transport/cargo protein","Transporter activity","Cell communication ; Signal transduction"
"EFS","10278","HPRD:09932","Unclassified","Molecular function unknown","Signal transduction"
"DNAJA2","10294","HPRD:07105","Chaperone","Chaperone activity","Protein metabolism"
"NDRG1","10397","HPRD:05586","Unclassified","Molecular function unknown","Cell communication ; Signal transduction"
"NDC80","10403","HPRD:06277","Cell cycle control protein","Chromatin binding","Cell communication ; Signal transduction"
"OLFM1","10439","HPRD:09249","Unclassified","Molecular function unknown","Biological-process unknown"
"AGR2","10551","HPRD:05896","Unclassified","Molecular function unknown","Biological-process unknown"
"SPTLC1","10558","HPRD:05754","Enzyme: Palmitoyltransferase","Palmitoyltransferase activity","Metabolism ; Energy pathways"
"GNLY","10578","HPRD:01788","Secreted polypeptide","Defense/immunity protein activity","Immune response"
"IGF2BP3","10643","HPRD:16306","Translation regulatory protein","Translation regulator activity","Protein metabolism"
"IGF2BP2","10644","HPRD:10507","RNA binding protein","RNA binding","Regulation of nucleobase; nucleoside; nucleotide and nucleic acid metabolism"
"GADD45G","10912","HPRD:05383","Cell cycle control protein","Protein binding","Regulation of nucleobase; nucleoside; nucleotide and nucleic acid metabolism"
"ACOT2","10965","HPRD:10173","Enzyme: Hydrolase","Hydrolase activity","Metabolism ; Energy pathways"
"ESM1","11082","HPRD:03310","Adhesion molecule","Cell adhesion molecule activity","Cell communication ; Signal transduction"
"ADAMTS5","11096","HPRD:05420","Metallo protease","Metallopeptidase activity","Protein metabolism"
"EMILIN1","11117","HPRD:00563","Extracellular matrix protein","Extracellular matrix structural constituent","Cell growth and/or maintenance"
"BTN2A1","11120","HPRD:12544","Immunoglobulin","Antigen binding","Immune response"
"RASSF1","11186","HPRD:05470","Cytoskeletal associated protein","Cytoskeletal protein binding","Regulation of cell cycle"
"MRPL3","11222","HPRD:06175","Ribosomal subunit","Structural constituent of ribosome","Protein metabolism"
"INPP5F","22876","HPRD:11048","Lipid phosphatase","Lipid phosphatase activity","Cell communication ; Signal transduction"
"MAPRE1","22919","HPRD:04379","Cell cycle control protein","Protein binding","Cell communication ; Signal transduction"
"SIN3B","23309","HPRD:09691","Translation regulatory protein","Translation regulator activity","Regulation of nucleobase; nucleoside; nucleotide and nucleic acid metabolism"
"MED13L","23389","HPRD:10579","Unclassified","Molecular function unknown","Biological-process unknown"
"FAM89B","23625","HPRD:10100","Unclassified","Molecular function unknown","Biological-process unknown"
"FLRT2","23768","HPRD:05312","Adhesion molecule","Cell adhesion molecule activity","Cell communication ; Signal transduction"
"LMOD1","25802","HPRD:04093","Cytoskeletal associated protein","Cytoskeletal protein binding","Cell growth and/or maintenance"
"SPDEF","25803","HPRD:12176","Transcription factor","Transcription factor activity","Regulation of nucleobase; nucleoside; nucleotide and nucleic acid metabolism"
"BAMBI","25805","HPRD:05117","Unclassified","Molecular function unknown","Cell communication ; Signal transduction"
"PARM1","25849","HPRD:08529","Unclassified","Molecular function unknown","Biological-process unknown"
"C20orf32","25927","HPRD:12813","Unclassified","Molecular function unknown","Biological-process unknown"
"EGFL6","25975","HPRD:02212","Secreted polypeptide","Molecular function unknown","Cell communication ; Signal transduction"
"KIF26A","26153","-","-","-","-"
"B3GAT3","26229","HPRD:07564","Integral membrane protein","Transferase activity","Metabolism ; Energy pathways"
"NGFRAP1","27018","HPRD:02291","Adapter molecule","Receptor signaling complex scaffold activity","Cell communication ; Signal transduction"
"MLH3","27030","HPRD:05094","DNA repair protein","Protein binding","DNA repair"
"DKK4","27121","HPRD:05660","Ligand","Receptor binding","Cell communication ; Signal transduction"
"HTRA2","27429","HPRD:05919","Serine protease","Serine-type peptidase activity","Protein metabolism"
"ATAD2","29028","HPRD:10678","ATPase","ATPase activity","Metabolism ; Energy pathways"
"PYCARD","29108","HPRD:06020","Adapter molecule","aspase activator activity","Apoptosis"
"ERO1L","30001","HPRD:13278","Enzyme: Oxidoreductase","Oxidoreductase activity","Metabolism ; Energy pathways"
"EHD2","30846","HPRD:10434","Unclassified","Molecular function unknown","Cell communication ; Signal transduction"
"CDR2L","30850","HPRD:11041","Unclassified","Molecular function unknown","Biological-process unknown"
"NSDHL","50814","HPRD:02229","Enzyme: Dehydrogenase","Catalytic activity","Metabolism ; Energy pathways"
"VPS36","51028","HPRD:12620","Unclassified","Molecular function unknown","Biological-process unknown"
"PPPDE1","51029","HPRD:15153","Unclassified","Molecular function unknown","Molecular function unknown"
"GLTP","51228","HPRD:16409","Transport/cargo protein","Transporter activity","Transport"
"CYP39A1","51302","HPRD:07067","Enzyme: Oxygenase","Catalytic activity","Metabolism ; Energy pathways"
"VGLL1","51442","HPRD:06751","Transcription regulatory protein","Transcription regulator activity","Regulation of nucleobase; nucleoside; nucleotide and nucleic acid metabolism"
"ATP8A2","51761","HPRD:05795","ATPase","ATPase activity","Transport"
"IL20RA","53832","HPRD:05729","Cytokine receptor","Transmembrane receptor activity","Immune response"
"POLE3","54107","HPRD:06274;","DNA binding protein","DNA binding","Regulation of nucleobase; nucleoside; nucleotide and nucleic acid metabolism"
"UGT1A1","54658","HPRD:08933","Enzyme: Glycosyltransferase","Transferase activity","Metabolism ; Energy pathways"
"EPDR1","54749","HPRD:16865","Adhesion molecule","Cell adhesion molecule activity","Cell communication ; Signal transduction"
"FAM20A","54757","HPRD:13296","Secreted polypeptide","Molecular function unknown","Biological-process unknown"
"FAM46C","54855","HPRD:13312","Unclassified","Molecular function unknown","Biological-process unknown"
"PID1","55022","HPRD:07944","Unclassified","Molecular function unknown","Cell growth and/or maintenance"
"SLC47A1","55244","HPRD:07703","Transport/cargo protein","Transporter activity","Transport"
"FBXW7","55294","HPRD:05888","Ubiquitin proteasome system protein","Ubiquitin-specific protease activity","Protein metabolism"
"MEG3","55384","-","-","-","-"
"ENOSF1","55556","-","-","-","-"
"DEPDC1","55635","HPRD:10879","Unclassified","Molecular function unknown","Biological-process unknown"
"MMP26","56547","HPRD:05683","Metallo protease","Metallopeptidase activity","Protein metabolism"
"NPDC1","56654","HPRD:12048","Unclassified","Molecular function unknown","Cell growth and/or maintenance"
"TMEM9B","56674","HPRD:12603","Integral membrane protein","Molecular function unknown","Cell communication ; Signal transduction"
"TCEAL7","56849","HPRD:06641","Unclassified","Molecular function unknown","Biological-process unknown"
"SMYD2","56950","HPRD:15406","Unclassified","Molecular function unknown","Biological-process unknown"
"SHD","56961","HPRD:15337","Unclassified","Molecular function unknown","Biological-process unknown"
"NUP107","57122","HPRD:06356","Transport/cargo protein","Transporter activity","Transport"
"CD248","57124","HPRD:06933","Integral membrane protein","Receptor activity","Biological-process unknown"
"ATP8B2","57198","HPRD:05794","ATPase","ATPase activity","Transport"
"SLC24A3","57419","HPRD:15352","Membrane transport protein","Auxiliary transport protein activity","Auxiliary transport protein activity"
"KIAA1324","57535","HPRD:13850","Unclassified","Molecular function unknown","Biological-process unknown"
"TSHZ3","57616","HPRD:18351","DNA binding protein","DNA binding","Regulation of nucleobase; nucleoside; nucleotide and nucleic acid metabolism"
"LRCH2","57631","HPRD:06602","Unclassified","Molecular function unknown","Biological-process unknown"
"LRRN1","57633","HPRD:14320","Integral membrane protein","Molecular function unknown","Biological-process unknown"
"RNF213","57674","HPRD:10716","Unclassified","Molecular function unknown","Biological-process unknown"
"USP37","57695","HPRD:07506","Ubiquitin proteasome system protein","Ubiquitin-specific protease activity","Protein metabolism"
"C19ORF33","64073","HPRD:12706","Transcription regulatory protein","Transcription regulator activity","Regulation of nucleobase; nucleoside; nucleotide and nucleic acid metabolism"
"XYLT1","64131","HPRD:12168","Enzyme: Transferase","Transferase activity","Metabolism ; Energy pathways"
"MS4A6","64231","HPRD:09414","Integral membrane protein","Receptor activity","Signal transduction"
"CDCP1","64866","HPRD:16696","Unclassified","Molecular function unknown","Cell communication ; Signal transduction"
"COLEC11","78989","HPRD:10847","Unclassified","Molecular function unknown","Biological-process unknown"
"CLMP","79827","HPRD:16513","Adhesion molecule","Cell adhesion molecule activity","Cell communication ; Signal transduction"
"TMC5","79838","HPRD:15516","Integral membrane protein","Molecular function unknown","Biological-process unknown"
"ASRGL1","80150","HPRD:07006","Unclassified","Molecular function unknown","Metabolism ; Energy pathways"
"CEP290","80184","HPRD:10856","-","Unclassified","-"
"HKDC1","80201","HPRD:08006","Unclassified","Molecular function unknown","Biological-process unknown"
"ITPKC","80271","HPRD:09400","Lipid Kinase","Lipid kinase activity","Cell communication ; Signal transduction"
"ADAM3","80332","HPRD:06173","Metallo protease","Metallopeptidase activity","Protein metabolism"
"SLC338A1","81539","HPRD:12245","Membrane transport protein","Auxiliary transport protein activity","Transport"
"VOPP1","81552","HPRD:08526","Transcription regulatory protein","Transcription regulator activity","Apoptosis"
"GLT8D2","83468","HPRD:14260","Enzyme: Transferase","Transferase activity","Metabolism ; Energy pathways"
"EPPK1","83481","HPRD:06500","Cytoskeletal associated protein","Cytoskeletal protein binding","Cell growth and/or maintenance"
"ESPN","83715","HPRD:06962","Structural protein","Structural molecule activity","Cell growth and/or maintenance"
"CRISPLD2","83716","HPRD:13186","Unclassified","Molecular function unknown","Biological-process unknown"
"TMEM101","84336","HPRD:14623","Unclassified","Molecular function unknown","Biological-process unknown"
"JPH4","84502","HPRD:17170","Unclassified","Molecular function unknown","Signal transduction"
"LOXL3","84695","HPRD:06200","Enzyme: Oxidase","Catalytic activity","Metabolism ; Energy pathways"
"MGC16121","84848","HPRD:06638","Unclassified","Molecular function unknown","Biological-process unknown"
"TTC5","91875","HPRD:15584","Unclassified","Molecular function unknown","Biological-process unknown"
"TMEM132C","92293","-","-","-","-"
"HTRA3","94031","HPRD:08821","Serine protease","Serine-type peptidase activity","Protein metabolism"
"OSR2","107587","HPRD:17806","Transcription factor","Transcription factor activity","Regulation of nucleobase; nucleoside; nucleotide and nucleic acid metabolism"
"C1QTNF3","114899","HPRD:12716","Secreted polypeptide","Molecular function unknown","Cell growth and/or maintenance"
"FBXO32","114907","HPRD:05966","Ubiquitin proteasome system protein","Ubiquitin-specific protease activity","Protein metabolism"
"CTHRC1","115908","HPRD:16772","Extracellular matrix protein","Extracellular matrix structural constituent","Transport"
"ZMYND19","116225","HPRD:15743","Unclassified","Molecular function unknown","Cell communication ; Signal transduction"
"RBP7","116362","HPRD:16355","Transport/cargo protein","Transporter activity","Transport"
"TWIST2","117581","HPRD:09616","Transcription factor","Transcription factor activity","Regulation of nucleobase; nucleoside; nucleotide and nucleic acid metabolism"
"PLEKHH2","130271","HPRD:15149","Cytoskeletal protein","Structural constituent of cytoskeleton","Cell growth and/or maintenance"
"MUM1L1","139221","HPRD:06555","-","-","-"
"FAM65C","140876","HPRD:12757","Unclassified","Molecular function unknown","Biological-process unknown"
"SESN3","143686","HPRD:09682","Cell cycle control protein","Molecular function unknown","Biological-process unknown"
"CMTM8","152189","HPRD:06989","Integral membrane protein","Chemokine activity","Cell communication ; Signal transduction"
"DAB2IP","153090","HPRD:09903","Unclassified","Molecular function unknown","Cell communication ; Signal transduction"
"KANK4","163782","HPRD:14109","Unclassified","Molecular function unknown","Biological-process unknown"
"RASSF6","166824","HPRD:15220","Unclassified","Molecular function unknown","Apoptosis"
"CDC20B","166979","HPRD:13428","Unclassified","Molecular function unknown","Biological-process unknown"
"RASGEF1A","221002","HPRD:15211","Unclassified","Molecular function unknown","Biological-process unknown"
"CASC2","255082","HPRD:12266","Unclassified","Molecular function unknown","Biological-process unknown"
"CYP4X1","260293","HPRD:13110","Enzyme: Oxygenase","Catalytic activity","Metabolism ; Energy pathways"
"GPR133","283383","HPRD:17061","G protein coupled receptor","G-protein coupled receptor activity","Cell communication ; Signal transduction"
"CXCL17","284340","HPRD:18264","Secreted polypeptide","Molecular function unknown","Biological-process unknown"
"EFHA2","286097","HPRD:13264","Unclassified","Molecular function unknown","Biological-process unknown"
"SCARA5","286133","HPRD:11356","Unclassified","Molecular function unknown","Biological-process unknown"
"BEX5","340542","HPRD:18484","Unclassified","Molecular function unknown","Biological-process unknown"
"ATP9B","374868","HPRD:16528","ATPase","ATPase activity","Transport"
"VGLL3","389136","HPRD:13431","Unclassified","Molecular function unknown","Signal transduction"
"CCR2","729230","-","-","-","-"
"CD24","100133941","-","-","-","-"
