"Gene_Name","Gene_ID","Protein_ID","mRNA_ID","CCDS_ID","Trembl_ID","SwissProt_ID"
"ABCB1","5243","NP_000918.2","NM_000927.4","CCDS5608.1","A4D1D2","P08183"
"ABCC3","8714","NP_001137542.1","NM_001144070.1","CCDS45739.1","Q86VN9","O15438"
"ABCC3","8714","NP_003777.2","NM_003786.3","CCDS32681.1","-","O15438"
"ACOT2","10965","NP_006812.3","NM_006821.4","CCDS9816.1","-","P49753"
"ADAM3","80332","NP_079496.1","NM_025220.2","CCDS13058.1","-","Q9BZ11"
"ADAM3","80332","NP_694882.1","NM_153202.1","-","-","Q9BZ11"
"ADAM9","8754","NP_003807.1","NM_003816.2","CCDS6112.1","-","Q13443"
"ADAMTS5","11096","NP_008969.2","NM_007038.3","CCDS13579.1","-","Q9UNA0"
"ADD3","120","NP_001112.2","NM_001121.2","CCDS7562.1","-","Q9UEY8"
"ADD3","120","NP_058432.1","NM_016824.3","CCDS7561.1","Q5VU08","Q9UEY8"
"ADD3","120","NP_063968.1","NM_019903.3","CCDS7562.1","-","Q9UEY8"
"AGR2","10551","NP_006399.1","NM_006408.3","CCDS5364.1","Q4JM46","O95994"
"AKT","207","NP_001014431.1","NM_001014431.1","CCDS9994.1","B0LPE5","P31749"
"AKT","207","NP_001014432.1","NM_001014432.1","CCDS9994.1","B0LPE5","P31749"
"AKT","207","NP_005154.2","NM_005163.2","CCDS9994.1","B0LPE5; B3KVH4","P31749"
"ALDH1A2","8854","NP_001193826.1","NM_001206897.1","-","-","-"
"ALDH1A2","8854","NP_003879.2","NM_003888.3","CCDS10163.1","-","O94788"
"ALDH1A2","8854","NP_733797.1","NM_170696.2","CCDS10164.1","-","O94788"
"ALDH1A2","8854","NP_733798.1","NM_170697.2","CCDS45266.1","E9PF31","O94788"
"ALPPL2","251","NP_112603.2","NM_031313.2","CCDS2491.1","-","P10696"
"ANXA2","302","NP_001002857.1","NM_001002857.1","CCDS10175.1","-","P07355"
"ANXA2","302","NP_001002858.1","NM_001002858.2","CCDS32256.1","-","P07355"
"ANXA2","302","NP_001129487.1","NM_001136015.2","CCDS10175.1","-","P07355"
"ANXA2","302","NP_004030.1","NM_004039.2","CCDS10175.1","-","P07355"
"APC","324","NP_000029.2","NM_000038.5","CCDS4107.1","Q4LE70","P25054"
"APC","324","NP_001120982.1","NM_001127510.2","CCDS4107.1","Q4LE70","P25054"
"APC","324","NP_001120983.2","NM_001127511.2","-","B7Z2B6; Q4LE70","-"
"AR","367","NP_000035.2","NM_000044.2","CCDS14387.1","Q9NUA2","P10275"
"AR","367","NP_001011645.1","NM_001011645.1","CCDS43965.1","-","P10275"
"AREG","374","NP_001648.1","NM_001657.2","CCDS3565.1","Q5U026","P15514"
"ARL4A","10124","NP_001032241.1","NM_001037164.2","CCDS5359.1","-","P40617"
"ARL4A","10124","NP_001182325.1","NM_001195396.1","-","-","P40617"
"ARL4A","10124","NP_005729.1","NM_005738.4","CCDS5359.1","-","P40617"
"ARL4A","10124","NP_997625.1","NM_212460.3","CCDS5359.1","-","P40617"
"ASRGL1","80150","NP_001077395.1","NM_001083926.1","CCDS8019.1","-","Q7L266"
"ASRGL1","80150","NP_079356.3","NM_025080.3","CCDS8019.1","-","Q7L266"
"ATAD2","29028","NP_054828.2","NM_014109.3","CCDS6343.1","-","Q6PL18"
"ATP2C2","9914","NP_055676.2","NM_014861.2","CCDS42207.1","Q5HYC3","O75185"
"ATP8A2","51761","NP_057613.4","NM_016529.4","CCDS41873.1","Q6ZSP3; Q6ZU25","Q9NTI2"
"ATP8B2","57198","NP_001005855.1","NM_001005855.1","CCDS41405.1","-","P98198"
"ATP8B2","57198","NP_065185.1","NM_020452.3","CCDS1066.1","Q6P3T1","P98198"
"ATP9B","374868","NP_940933.3","NM_198531.3","CCDS12014.1","B3KSI8; Q69YZ7; Q7Z3J4","O43861"
"ATR","545","NP_001175.2","NM_001184.3","CCDS3124.1","-","Q13535"
"B3GAT3","26229","NP_036332.2","NM_012200.3","CCDS8025.1","-","O94766"
"BAMBI","25805","NP_036474.1","NM_012342.2","CCDS7162.1","-","Q13145"
"BCAM","4059","NP_001013275.1","NM_001013257.1","CCDS42575.1","-","P50895"
"BCAM","4059","NP_005572.2","NM_005581.3","CCDS12644.1","-","P50895"
"BCL2L1","598","NP_001182.1","NM_001191.2","CCDS13188.1","Q5TE63","Q07817"
"BCL2L1","598","NP_612815.1","NM_138578.1","CCDS13189.1","-","Q07817"
"BEX5","340542","NP_001012996.1","NM_001012978.2","CCDS35350.1","-","Q5H9J7"
"BEX5","340542","NP_001153032.1","NM_001159560.1","CCDS35350.1","-","Q5H9J7"
"BIRC5","332","NP_001012270.1","NM_001012270.1","CCDS32751.1","-","O15392"
"BIRC5","332","NP_001012271.1","NM_001012271.1","CCDS32752.1","-","O15392"
"BIRC5","332","NP_001159.2","NM_001168.2","CCDS11755.1","-","O15392"
"BRAF","673","NP_004324.2","NM_004333.4","CCDS5863.1","-","P15056"
"BST2","684","NP_004326.1","NM_004335.2","CCDS12358.1","-","Q10589"
"BTN2A1","11120","NP_001184162.1","NM_001197233.1","-","B4DLP9","Q7KYR7"
"BTN2A1","11120","NP_001184163.1","NM_001197234.1","-","E9PGR4; Q59EN4","-"
"BTN2A1","11120","NP_008980.1","NM_007049.3","CCDS4613.1","-","Q7KYR7"
"BTN2A1","11120","NP_510961.1","NM_078476.2","CCDS47390.1","Q96AV7","-"
"C19ORF33","64073","NP_277055.1","NM_033520.1","CCDS12511.1","-","Q9GZP8"
"C1QTNF3","114899","NP_112207.1","NM_030945.3","CCDS3904.1","Q542Y2","Q9BXJ4"
"C1QTNF3","114899","NP_852100.3","NM_181435.5","CCDS34141.1","Q0VAN4","-"
"C20orf32","25927","NP_001104571.1","NM_001111101.1","CCDS46311.1","-","Q96F85"
"C20orf32","25927","NP_056278.1","NM_015463.2","CCDS1886.1","-","Q96F85"
"C8A","731","NP_000553.1","NM_000562.2","CCDS606.1","-","P07357"
"CAPG","822","NP_001738.2","NM_001747.2","CCDS1974.1","-","P40121"
"CAPZA1","829","NP_006126.1","NM_006135.2","CCDS30805.1","-","P52907"
"CASC2","255082","","NM_178816.2","-","-","-"
"CASC2","255082","","NM_201377.1","-","-","-"
"CASP3","836","NP_004337.2","NM_004346.3","CCDS3836.1","-","P42574"
"CASP3","836","NP_116786.1","NM_032991.2","CCDS3836.1","-","P42574"
"CASP7","840","NP_001218.1","NM_001227.3","CCDS7581.1","-","P55210"
"CASP7","840","NP_203124.1","NM_033338.4","CCDS7580.1","-","P55210"
"CASP7","840","NP_203125.1","NM_033339.3","CCDS7581.1","-","P55210"
"CASP7","840","NP_203126.1","NM_033340.2","CCDS7582.1","-","P55210"
"CCL2","6347","NP_002973.1","NM_002982.3","CCDS11277.1","-","P13500"
"CCL20","6364","NP_001123518.1","NM_001130046.1","CCDS46536.1","-","P78556"
"CCL20","6364","NP_004582.1","NM_004591.2","CCDS2469.1","-","P78556"
"CCNA2","890","NP_001228.1","NM_001237.3","CCDS3723.1","-","P20248"
"CCND1","595","NP_444284.1","NM_053056.2","CCDS8191.1","Q6FI00","P24385"
"CCNE1","898","NP_001229.1","NM_001238.1","CCDS12419.1","-","P24864"
"CCNE1","898","NP_476530.1","NM_057182.1","CCDS46035.1","-","P24864"
"CCR2","729230","NP_001116513.2","NM_001123041.2","CCDS43078.1","-","P41597"
"CCR2","729230","NP_001116868.1","NM_001123396.1","CCDS46813.1","Q4VBL2","P41597"
"CD24","100133941","NP_037362.1","NM_013230.2","-","B6EC88","P25063"
"CD248","57124","NP_065137.1","NM_020404.2","CCDS8134.1","-","Q9HCU0"
"CD44","960","NP_000601.3","NM_000610.3","CCDS7897.1","-","P16070"
"CD44","960","NP_001001389.1","NM_001001389.1","CCDS31455.1","-","P16070"
"CD44","960","NP_001001390.1","NM_001001390.1","CCDS31456.1","-","P16070"
"CD44","960","NP_001001391.1","NM_001001391.1","CCDS31457.1","-","P16070"
"CD44","960","NP_001001392.1","NM_001001392.1","CCDS31458.1","O95370","P16070"
"CD44","960","NP_001189484.1","NM_001202555.1","-","-","P16070"
"CD44","960","NP_001189485.1","NM_001202556.1","-","B6EAT9","P16070"
"CD44","960","NP_001189486.1","NM_001202557.1","-","-","P16070"
"CD69","969","NP_001772.1","NM_001781.2","CCDS8604.1","Q53ZX0","Q07108"
"CDC20B","166979","NP_001139206.2","NM_001145734.2","CCDS47207.1","-","Q86Y33"
"CDC20B","166979","NP_001163873.1","NM_001170402.1","CCDS54852.1","-","Q86Y33"
"CDC20B","166979","NP_689836.2","NM_152623.2","CCDS3966.1","-","Q86Y33"
"CDC25B","994","NP_004349.1","NM_004358.3","CCDS13065.1","B3KS38; Q6MZW8","P30305"
"CDC25B","994","NP_068658.1","NM_021872.2","CCDS13066.1","B3KS38; Q6MZW8","P30305"
"CDC25B","994","NP_068659.1","NM_021873.2","CCDS13067.1","B3KS38; Q6MZW8","P30305"
"CDCP1","64866","NP_073753.3","NM_022842.3","CCDS2727.1","-","Q9H5V8"
"CDCP1","64866","NP_835488.1","NM_178181.1","CCDS46812.1","-","Q9H5V8"
"CDH1","999","NP_004351.1","NM_004360.3","CCDS10869.1","A8K1U7","P12830"
"CDH3","1001","NP_001784.2","NM_001793.4","CCDS10868.1","-","P22223"
"CDH6","1004","NP_004923.1","NM_004932.2","CCDS3894.1","-","P55285"
"CDK4","1019","NP_000066.1","NM_000075.2","CCDS8953.1","-","P11802"
"CDKN1A","1026","NP_000380.1","NM_000389.4","CCDS4824.1","Q6FI05","P38936"
"CDKN1A","1026","NP_510867.1","NM_078467.2","CCDS4824.1","Q6FI05","P38936"
"CDKN1B","1027","NP_004055.1","NM_004064.3","CCDS8653.1","Q6I9V6","P46527"
"CDKN2A","1029","NP_000068.1","NM_000077.4","CCDS6510.1","-","P42771"
"CDKN2A","1029","NP_001182061.1","NM_001195132.1","-","A5X2G7","-"
"CDKN2A","1029","NP_478102.2","NM_058195.3","CCDS6511.2","-","Q8N726"
"CDKN2A","1029","NP_478104.2","NM_058197.4","-","-","P42771"
"CDKN3","1033","NP_001124323.1","NM_001130851.1","CCDS45109.1","-","Q16667"
"CDKN3","1033","NP_005183.2","NM_005192.3","CCDS9716.1","-","Q16667"
"CDR2L","30850","NP_055418.2","NM_014603.2","CCDS11710.2","-","Q86X02"
"CEACAM1","634","NP_001020083.1","NM_001024912.2","CCDS46089.1","Q3KRG8","P13688"
"CEACAM1","634","NP_001171742.1","NM_001184813.1","CCDS54273.1","-","P13688"
"CEACAM1","634","NP_001171744.1","NM_001184815.1","CCDS54274.1","-","P13688"
"CEACAM1","634","NP_001171745.1","NM_001184816.1","CCDS54272.1","-","P13688"
"CEACAM1","634","NP_001192273.1","NM_001205344.1","-","-","-"
"CEACAM1","634","NP_001703.2","NM_001712.4","CCDS12609.1","-","P13688"
"CEP290","80184","NP_079390.3","NM_025114.3","-","Q05BJ6","O15078"
"CLDN1","9076","NP_066924.1","NM_021101.4","CCDS3295.1","A5JSJ9","O95832"
"CLMP","79827","NP_079045.1","NM_024769.2","CCDS8441.1","-","Q9H6B4"
"CMTM8","152189","NP_849199.2","NM_178868.3","CCDS2652.1","-","Q8IZV2"
"CNR2","1269","NP_001832.1","NM_001841.2","CCDS245.1","C6ES44","P34972"
"CNTF","1270","NP_000605.1","NM_000614.3","CCDS31554.1","-","P26441"
"COL3A1","1281","NP_000081.1","NM_000090.3","CCDS2297.1","-","P02461"
"COL4A5","1287","NP_000486.1","NM_000495.3","CCDS14543.1","-","P29400"
"COL4A5","1287","NP_203699.1","NM_033380.1","CCDS35366.1","-","P29400"
"COLEC11","78989","NP_076932.1","NM_024027.3","CCDS1649.1","-","Q9BWP8"
"COLEC11","78989","NP_954705.1","NM_199235.1","CCDS1650.1","-","Q9BWP8"
"COPS2","9318","NP_001137359.1","NM_001143887.1","CCDS45257.1","Q59EL2","P61201"
"COPS2","9318","NP_004227.1","NM_004236.3","CCDS32235.1","-","P61201"
"COX7A1","1346","NP_001855.1","NM_001864.2","CCDS12490.1","Q6FGI7","P24310"
"CRABP2","1382","NP_001186652.1","NM_001199723.1","-","-","P29373"
"CRABP2","1382","NP_001869.1","NM_001878.3","CCDS1152.1","-","P29373"
"CREB1","1385","NP_004370.1","NM_004379.3","CCDS2374.1","Q53X93","P16220"
"CREB1","1385","NP_604391.1","NM_134442.3","CCDS2375.1","Q5U0J5","P16220"
"CRISPLD2","83716","NP_113664.1","NM_031476.3","CCDS10949.1","-","Q9H0B8"
"CSNK2B","1460","NP_001311.3","NM_001320.5","CCDS4712.1","B0UXA9","P67870"
"CTHRC1","115908","NP_612464.1","NM_138455.2","CCDS6299.1","-","Q96CG8"
"CTNNB1","1499","NP_001091679.1","NM_001098209.1","CCDS2694.1","-","P35222"
"CTNNB1","1499","NP_001091680.1","NM_001098210.1","CCDS2694.1","-","P35222"
"CTNNB1","1499","NP_001895.1","NM_001904.3","CCDS2694.1","-","P35222"
"CTNND1","1500","NP_001078927.1","NM_001085458.1","CCDS44604.1","-","O60716"
"CTNND1","1500","NP_001078928.1","NM_001085459.1","CCDS44605.1","-","O60716"
"CTNND1","1500","NP_001078929.1","NM_001085460.1","CCDS44606.1","-","O60716"
"CTNND1","1500","NP_001078930.1","NM_001085461.1","CCDS44606.1","-","O60716"
"CTNND1","1500","NP_001078931.1","NM_001085462.1","CCDS44606.1","-","O60716"
"CTNND1","1500","NP_001078932.1","NM_001085463.1","CCDS44608.1","-","O60716"
"CTNND1","1500","NP_001078933.1","NM_001085464.1","CCDS53633.1","-","O60716"
"CTNND1","1500","NP_001078934.1","NM_001085465.1","CCDS53634.1","-","O60716"
"CTNND1","1500","NP_001078935.1","NM_001085466.1","CCDS53632.1","-","O60716"
"CTNND1","1500","NP_001078936.1","NM_001085467.1","CCDS44609.1","-","O60716"
"CTNND1","1500","NP_001078937.1","NM_001085468.1","CCDS44609.1","-","O60716"
"CTNND1","1500","NP_001078938.1","NM_001085469.1","CCDS44609.1","-","O60716"
"CTNND1","1500","NP_001322.1","NM_001331.2","CCDS44607.1","-","O60716"
"CTSB","1508","NP_001899.1","NM_001908.3","CCDS5986.1","-","P07858"
"CTSB","1508","NP_680090.1","NM_147780.2","CCDS5986.1","-","P07858"
"CTSB","1508","NP_680091.1","NM_147781.2","CCDS5986.1","-","P07858"
"CTSB","1508","NP_680092.1","NM_147782.2","CCDS5986.1","-","P07858"
"CTSB","1508","NP_680093.1","NM_147783.2","CCDS5986.1","-","P07858"
"CTSD","1509","NP_001900.1","NM_001909.4","CCDS7725.1","-","P07339"
"CTSH","1512","NP_004381.2","NM_004390.3","CCDS10308.1","Q96NY6","P09668"
"CTSW","1521","NP_001326.2","NM_001335.3","CCDS8117.1","-","P56202"
"CXCL12","6387","NP_000600.1","NM_000609.5","CCDS44373.1","-","P48061"
"CXCL12","6387","NP_001029058.1","NM_001033886.2","CCDS31186.1","-","-"
"CXCL12","6387","NP_001171605.1","NM_001178134.1","CCDS53527.1","Q2L988","-"
"CXCL12","6387","NP_954637.1","NM_199168.3","CCDS7207.1","Q6ICW0","P48061"
"CXCL17","284340","NP_940879.1","NM_198477.1","CCDS12608.1","-","Q6UXB2"
"CXCL5","6374","NP_002985.1","NM_002994.3","CCDS34006.1","Q6I9S7","P42830"
"CXCL9","4283","NP_002407.1","NM_002416.1","CCDS34014.1","-","Q07325"
"CXCR4","7852","NP_001008540.1","NM_001008540.1","CCDS33295.1","-","P61073"
"CXCR4","7852","NP_003458.1","NM_003467.2","CCDS46420.1","-","P61073"
"CYP17A1","1586","NP_000093.1","NM_000102.3","CCDS7541.1","Q1HB44","P05093"
"CYP19A1","1588","NP_000094.2","NM_000103.3","CCDS10139.1","Q8TCA4","P11511"
"CYP19A1","1588","NP_112503.1","NM_031226.2","CCDS10139.1","A8K6W3; Q05CU4; Q8TCA4","P11511"
"CYP1A1","1543","NP_000490.1","NM_000499.3","CCDS10268.1","A0N0X8","P04798"
"CYP1B1","1545","NP_000095.2","NM_000104.3","CCDS1793.1","Q53TK1","Q16678"
"CYP39A1","51302","NP_057677.2","NM_016593.3","CCDS4916.1","-","Q9NYL5"
"CYP3A7","1551","NP_000756.2","NM_000765.3","CCDS5673.1","-","P24462"
"CYP4X1","260293","NP_828847.1","NM_178033.1","CCDS544.1","Q5VVE5","Q8N118"
"Cyr61","3491","NP_001545.2","NM_001554.4","CCDS706.1","Q6FI18","O00622"
"DAB2IP","153090","NP_115941.2","NM_032552.2","CCDS6833.2","-","Q5VWQ8"
"DAB2IP","153090","NP_619723.1","NM_138709.1","CCDS6832.1","-","Q5VWQ8"
"DACH1","1602","NP_004383.3","NM_004392.5","CCDS53873.1","D0FY36","Q9UI36"
"DACH1","1602","NP_542937.2","NM_080759.4","CCDS41899.1","-","Q9UI36"
"DACH1","1602","NP_542938.2","NM_080760.4","CCDS53874.1","D0FY35","Q9UI36"
"DARS","1615","NP_001340.2","NM_001349.2","CCDS2180.1","-","P14868"
"DDR1","780","NP_001189450.1","NM_001202521.1","-","Q96T62","Q08345"
"DDR1","780","NP_001189451.1","NM_001202522.1","-","Q96T61","Q08345"
"DDR1","780","NP_001189452.1","NM_001202523.1","-","B7Z2K0","Q08345"
"DDR1","780","NP_001945.3","NM_001954.4","CCDS4690.1","-","Q08345"
"DDR1","780","NP_054699.2","NM_013993.2","CCDS34385.1","-","Q08345"
"DDR1","780","NP_054700.2","NM_013994.2","CCDS47396.1","-","Q08345"
"DEPDC1","55635","NP_001107592.1","NM_001114120.1","CCDS44159.1","-","Q5TB30"
"DEPDC1","55635","NP_060249.2","NM_017779.4","CCDS644.1","-","Q5TB30"
"DHX16","8449","NP_001157711.1","NM_001164239.1","-","B4DZ28","O60231"
"DHX16","8449","NP_003578.2","NM_003587.4","CCDS4685.1","Q5SQH4","O60231"
"DKK4","27121","NP_055235.1","NM_014420.2","CCDS6130.1","-","Q9UBT3"
"DLX5","1749","NP_005212.1","NM_005221.5","CCDS5647.1","Q53Y73","P56178"
"DNAJA2","10294","NP_005871.1","NM_005880.3","CCDS10726.1","-","O60884"
"DNMT1","1786","NP_001124295.1","NM_001130823.1","CCDS45958.1","-","P26358"
"DNMT1","1786","NP_001370.1","NM_001379.2","CCDS12228.1","-","P26358"
"DPP6","1804","NP_001034439.1","NM_001039350.1","-","E9PF59","P42658"
"DPP6","1804","NP_001927.3","NM_001936.3","-","-","P42658"
"DPP6","1804","NP_570629.2","NM_130797.2","-","-","P42658"
"ECM2","1842","NP_001184224.1","NM_001197295.1","-","-","O94769"
"ECM2","1842","NP_001184225.1","NM_001197296.1","-","-","O94769"
"ECM2","1842","NP_001384.1","NM_001393.3","CCDS6698.1","-","O94769"
"EDNRB","1910","NP_000106.1","NM_000115.3","CCDS9461.1","-","P24530"
"EDNRB","1910","NP_001116131.1","NM_001122659.2","CCDS9461.1","-","P24530"
"EDNRB","1910","NP_001188326.1","NM_001201397.1","-","-","P24530"
"EFEMP1","2202","NP_001034437.1","NM_001039348.2","CCDS1857.1","B2R6M6","Q12805"
"EFEMP1","2202","NP_001034438.1","NM_001039349.2","CCDS1857.1","-","Q12805"
"EFHA2","286097","NP_859074.1","NM_181723.2","CCDS5999.1","-","Q86XE3"
"EFNB2","1948","NP_004084.1","NM_004093.3","CCDS9507.1","-","P52799"
"EFS","10278","NP_005855.1","NM_005864.2","CCDS9595.1","-","O43281"
"EFS","10278","NP_115835.1","NM_032459.1","CCDS9596.1","-","O43281"
"EGF","1950","NP_001171601.1","NM_001178130.1","CCDS54794.1","E7EVD2","-"
"EGF","1950","NP_001171602.1","NM_001178131.1","CCDS54795.1","B4DRK7; E9PBF0","-"
"EGF","1950","NP_001954.2","NM_001963.4","CCDS3689.1","B4DRK7","P01133"
"EGFL6","25975","NP_001161362.1","NM_001167890.1","CCDS55370.1","-","Q8IUX8"
"EGFL6","25975","NP_056322.2","NM_015507.3","CCDS14155.1","-","Q8IUX8"
"EGFR","1956","NP_005219.2","NM_005228.3","CCDS5514.1","-","P00533"
"EGFR","1956","NP_958439.1","NM_201282.1","CCDS5516.1","-","P00533"
"EGFR","1956","NP_958440.1","NM_201283.1","CCDS47587.1","-","P00533"
"EGFR","1956","NP_958441.1","NM_201284.1","CCDS5515.1","-","P00533"
"EHD2","30846","NP_055416.2","NM_014601.3","CCDS12704.1","-","Q9NZN4"
"EIF4EBP1","1978","NP_004086.1","NM_004095.3","CCDS6100.1","-","Q13541"
"ELF1","1997","NP_001138825.1","NM_001145353.1","CCDS45043.1","B4E2I5; E9PDQ9; Q6MZZ4","-"
"ELF1","1997","NP_758961.1","NM_172373.3","CCDS9374.1","Q6MZZ4","P32519"
"ELF5","2001","NP_001413.1","NM_001422.2","CCDS7893.1","A8K443","Q9UKW6"
"ELF5","2001","NP_938195.1","NM_198381.1","CCDS7892.1","A8K443","Q9UKW6"
"EMILIN1","11117","NP_008977.1","NM_007046.3","CCDS1733.1","-","Q9Y6C2"
"EMP2","2013","NP_001415.1","NM_001424.4","CCDS10541.1","-","P54851"
"ENOSF1","55556","NP_001119595.1","NM_001126123.3","CCDS45821.1","-","Q7L5Y1"
"ENOSF1","55556","NP_059982.2","NM_017512.5","CCDS11822.1","-","Q7L5Y1"
"ENOSF1","55556","NP_974487.1","NM_202758.3","CCDS11823.1","A6NMP3","Q7L5Y1"
"ENSA","2029","NP_004427.1","NM_004436.2","CCDS958.1","-","O43768"
"ENSA","2029","NP_996925.1","NM_207042.1","CCDS959.1","-","O43768"
"ENSA","2029","NP_996926.1","NM_207043.1","CCDS962.1","E9PB69","O43768"
"ENSA","2029","NP_996927.1","NM_207044.1","CCDS963.1","-","O43768"
"ENSA","2029","NP_996928.1","NM_207045.1","CCDS960.1","-","O43768"
"ENSA","2029","NP_996929.1","NM_207046.1","CCDS961.1","-","O43768"
"ENSA","2029","NP_996930.1","NM_207047.1","CCDS964.1","-","O43768"
"ENSA","2029","NP_997051.1","NM_207168.1","CCDS965.1","-","O43768"
"EPDR1","54749","NP_060019.1","NM_017549.3","CCDS5454.1","A4D1W8","Q9UM22"
"EPHB2","2048","NP_004433.2","NM_004442.6","CCDS230.1","-","P29323"
"EPHB2","2048","NP_059145.2","NM_017449.3","CCDS229.2","-","P29323"
"EPHB4","2050","NP_004435.3","NM_004444.4","CCDS5706.1","Q541P7; Q7Z635; Q96L35","P54760"
"EPPK1","83481","NP_112598.2","NM_031308.1","-","-","P58107"
"ErbB2","2064","NP_001005862.1","NM_001005862.1","CCDS45667.1","-","P04626"
"ErbB2","2064","NP_004439.2","NM_004448.2","CCDS32642.1","-","P04626"
"ERO1L","30001","NP_055399.1","NM_014584.1","CCDS9709.1","-","Q96HE7"
"ESM1","11082","NP_001129076.1","NM_001135604.1","CCDS47206.1","Q3V4E3","-"
"ESM1","11082","NP_008967.1","NM_007036.4","CCDS3963.1","-","Q9NQ30"
"ESPN","83715","NP_113663.2","NM_031475.2","CCDS70.1","-","B1AK53"
"ESR1","2099","NP_000116.2","NM_000125.3","CCDS5234.1","-","P03372"
"ESR1","2099","NP_001116212.1","NM_001122740.1","CCDS5234.1","Q9UBT1","P03372"
"ESR1","2099","NP_001116213.1","NM_001122741.1","CCDS5234.1","-","P03372"
"ESR1","2099","NP_001116214.1","NM_001122742.1","CCDS5234.1","-","P03372"
"ESR2","2100","NP_001035365.1","NM_001040275.1","CCDS32096.1","-","Q92731"
"ESR2","2100","NP_001035366.1","NM_001040276.1","CCDS32096.1","-","Q92731"
"ESR2","2100","NP_001428.1","NM_001437.2","CCDS9762.1","Q7LCB3","Q92731"
"ETS1","2113","NP_001137292.1","NM_001143820.1","CCDS44767.1","Q6N087","-"
"ETS1","2113","NP_001155894.1","NM_001162422.1","CCDS53724.1","A8K725; B4DW78; Q6N087","-"
"ETS1","2113","NP_005229.1","NM_005238.3","CCDS8475.1","B4DW78","P14921"
"ETV5","2119","NP_004445.1","NM_004454.2","CCDS33906.1","-","P41161"
"F10","2159","NP_000495.1","NM_000504.3","CCDS9530.1","Q5JVE7","P00742"
"F13A1","2162","NP_000120.2","NM_000129.3","CCDS4496.1","-","P00488"
"FAM20A","54757","NP_060035.2","NM_017565.3","CCDS11679.1","Q8IYA5","Q96MK3"
"FAM46C","54855","NP_060179.2","NM_017709.3","CCDS896.1","-","Q5VWP2"
"FAM65C","140876","NP_543019.2","NM_080829.2","CCDS13431.2","-","Q96MK2"
"FAM89B","23625","NP_001092254.1","NM_001098784.1","CCDS44648.1","E9PB01","Q8N5H3"
"FAM89B","23625","NP_001092255.1","NM_001098785.1","CCDS53662.1","E9PL72","Q8N5H3"
"FAM89B","23625","NP_690045.1","NM_152832.2","CCDS8105.1","-","Q8N5H3"
"Fas","355","NP_000034.1","NM_000043.4","CCDS7393.1","-","P25445"
"Fas","355","NP_690610.1","NM_152871.2","CCDS7394.1","-","P25445"
"Fas","355","NP_690611.1","NM_152872.2","CCDS7395.1","Q5T9P3","-"
"FBN1","2200","NP_000129.3","NM_000138.4","CCDS32232.1","D2JYH6","P35555"
"FBXO32","114907","NP_001229392.1","NM_001242463.1","-","-","-"
"FBXO32","114907","NP_478136.1","NM_058229.3","CCDS6345.1","-","Q969P5"
"FBXO32","114907","NP_680482.1","NM_148177.2","-","-","-"
"FBXW7","55294","NP_001013433.1","NM_001013415.1","CCDS34078.1","-","Q969H0"
"FBXW7","55294","NP_060785.2","NM_018315.4","CCDS3778.1","-","Q969H0"
"FBXW7","55294","NP_361014.1","NM_033632.2","CCDS3777.1","-","Q969H0"
"FGF2","2247","NP_001997.5","NM_002006.4","CCDS34059.1","-","P09038"
"FGFR1","2260","NP_001167534.1","NM_001174063.1","CCDS55222.1","-","P11362"
"FGFR1","2260","NP_001167535.1","NM_001174064.1","CCDS55221.1","E9PHC6; Q59H40","P11362"
"FGFR1","2260","NP_001167536.1","NM_001174065.1","CCDS43732.1","-","P11362"
"FGFR1","2260","NP_001167537.1","NM_001174066.1","CCDS43730.1","-","P11362"
"FGFR1","2260","NP_001167538.1","NM_001174067.1","CCDS55223.1","-","P11362"
"FGFR1","2260","NP_056934.2","NM_015850.3","CCDS43732.1","-","P11362"
"FGFR1","2260","NP_075593.1","NM_023105.2","CCDS43730.1","-","P11362"
"FGFR1","2260","NP_075594.1","NM_023106.2","CCDS43731.1","-","P11362"
"FGFR1","2260","NP_075598.2","NM_023110.2","CCDS6107.2","-","P11362"
"FHIT","2272","NP_001159715.1","NM_001166243.1","CCDS2894.1","A8K1A9; Q45QG9","P49789"
"FHIT","2272","NP_002003.1","NM_002012.2","CCDS2894.1","Q45QG9","P49789"
"FLRT2","23768","NP_037363.1","NM_013231.4","CCDS9877.1","B3KPR2","O43155"
"FOLH1","2346","NP_001014986.1","NM_001014986.1","CCDS31493.1","-","Q04609"
"FOLH1","2346","NP_001180400.1","NM_001193471.1","CCDS53628.1","-","Q04609"
"FOLH1","2346","NP_001180401.1","NM_001193472.1","CCDS53627.1","-","Q04609"
"FOLH1","2346","NP_001180402.1","NM_001193473.1","CCDS53626.1","B7Z312","Q04609"
"FOLH1","2346","NP_004467.1","NM_004476.1","CCDS7946.1","-","Q04609"
"FOXA1","3169","NP_004487.2","NM_004496.2","CCDS9665.1","-","P55317"
"FOXA2","3170","NP_068556.2","NM_021784.4","CCDS46585.1","B0ZTD4","Q9Y261"
"FOXA2","3170","NP_710141.1","NM_153675.2","CCDS13147.1","-","Q9Y261"
"FOXC1","2296","NP_001444.2","NM_001453.2","CCDS4473.1","-","Q12948"
"FOXL2","668","NP_075555.1","NM_023067.3","CCDS3105.1","Q53ZD3","P58012"
"FUCA1","2517","NP_000138.2","NM_000147.4","CCDS244.2","-","P04066"
"GAD1","2571","NP_000808.2","NM_000817.2","CCDS2239.1","Q8IVA8","Q99259"
"GAD1","2571","NP_038473.2","NM_013445.3","CCDS2240.1","-","Q99259"
"GADD45G","10912","NP_006696.1","NM_006705.3","CCDS6686.1","Q5VZ87","O95257"
"GAS6","2621","NP_000811.1","NM_000820.2","CCDS45072.1","-","Q14393"
"GAS6","2621","NP_001137417.1","NM_001143945.1 ","CCDS45073.1","B3KVL4","Q14393"
"GAS6","2621","NP_001137418.1","NM_001143946.1","CCDS45074.1","B3KRQ7; E9PBL7","Q14393"
"GCNT3","9245","NP_004742.1","NM_004751.2","CCDS10172.1","-","O95395"
"GLT8D2","83468","NP_112592.1","NM_031302.3","CCDS9096.1","-","Q9H1C3"
"GLTP","51228","NP_057517.1","NM_016433.3","CCDS9136.1","-","Q9NZD2"
"GNLY","10578","NP_006424.2","NM_006433.3","CCDS1984.1","-","P22749"
"GNLY","10578","NP_036615.2","NM_012483.2","CCDS46354.1","-","P22749"
"GP2","2813","NP_001007241.2","NM_001007240.1","CCDS42128.1","Q8N1A3","P55259"
"GP2","2813","NP_001007242.2","NM_001007241.1","CCDS45433.1","Q8N1A3","P55259"
"GP2","2813","NP_001007243.2","NM_001007242.1","CCDS45432.1","Q8N1A3","P55259"
"GP2","2813","NP_001493.2","NM_001502.2","CCDS10582.2","Q8N1A3","P55259"
"GPR133","283383","NP_942122.2","NM_198827.3","CCDS9272.1","B2CKK9; Q9NSM3","Q6QNK2"
"GSTP1","2950","NP_000843.1","NM_000852.3","CCDS41679.1","-","P09211"
"GZMA","3001","NP_006135.1","NM_006144.3","CCDS3965.1","-","P12544"
"HDAC2","3066","NP_001518.3","NM_001527.3","CCDS43493.2","-","Q92769"
"HGD","3081","NP_000178.2","NM_000187.3","CCDS3000.1","-","Q93099"
"HIF1A","3091","NP_001521.1","NM_001530.3","CCDS9753.1","D0VY79","Q16665"
"HIF1A","3091","NP_851397.1","NM_181054.2","CCDS9754.1","-","Q16665"
"HKDC1","80201","NP_079406.3","NM_025130.3","CCDS7288.1","B3KT70","Q2TB90"
"HMGB1","3146","NP_002119.1","NM_002128.4","CCDS9335.1","-","P09429"
"HOXA10","3206","NP_061824.3","NM_018951.3","CCDS5410.2","-","P31260"
"HOXA11","3207","NP_005514.1","NM_005523.5","CCDS5411.1","-","P31270"
"HP","3240","NP_001119574.1","NM_001126102.1","CCDS45525.1","Q6PEJ8","P00738"
"HP","3240","NP_005134.1","NM_005143.3","CCDS45524.1","Q6PEJ8","P00738"
"HSPA8","3312","NP_006588.1","NM_006597.3","CCDS8440.1","B3KTV0","P11142"
"HSPA8","3312","NP_694881.1","NM_153201.1","CCDS44754.1","B3KTV0","P11142"
"HTR1B","3351","NP_000854.1","NM_000863.1","CCDS4986.1","-","P28222"
"HTRA1","5654","NP_002766.1","NM_002775.4","CCDS7630.1","-","Q92743"
"HTRA2","27429","NP_037379.1","NM_013247.4","CCDS1951.1","-","O43464"
"HTRA2","27429","NP_659540.1","NM_145074.2","CCDS1952.1","-","O43464"
"HTRA3","94031","NP_444272.1","NM_053044.3","CCDS3400.1","-","P83110"
"HYAL1","3373","NP_009296.1","NM_007312.3","CCDS2816.1","-","Q12794"
"HYAL1","3373","NP_149349.2","NM_033159.2","CCDS2816.1","-","Q12794"
"HYAL1","3373","NP_695013.1","NM_153281.1","CCDS2816.1","-","Q12794"
"HYAL1","3373","NP_695014.1","NM_153282.1","CCDS2817.1","B3KUI5","Q12794"
"HYAL1","3373","NP_695015.1","NM_153283.1","CCDS46832.1","-","Q12794"
"HYAL1","3373","NP_695017.1","NM_153285.1","CCDS46833.1","-","Q12794"
"HYAL2","8692","NP_003764.3","NM_003773.4","CCDS2818.1","B3KRZ2","Q12891"
"HYAL2","8692","NP_149348.2","NM_033158.4","CCDS2818.1","B3KRZ2","Q12891"
"ID4","3400","NP_001537.1","NM_001546.2","CCDS4544.1","-","P47928"
"IFIT4","3437","NP_001026853.1","NM_001031683.2","CCDS31241.1","Q5T765","O14879"
"IFIT4","3437","NP_001540.2","NM_001549.4","CCDS7402.1","O14879","Q5T765"
"IGF1","3479","NP_000609.1","NM_000618.3","CCDS9091.1","Q59GC5; Q5U743","P05019"
"IGF1","3479","NP_001104753.1","NM_001111283.1","CCDS44961.1","E9PD02; Q13429","-"
"IGF1","3479","NP_001104754.1","NM_001111284.1","CCDS44960.1","Q14620","-"
"IGF1","3479","NP_001104755.1","NM_001111285.1","CCDS44962.1","-","P05019"
"IGF2","3481","NP_000603.1","NM_000612.4","CCDS7728.1","-","P01344"
"IGF2","3481","NP_001007140.2","NM_001007139.4","CCDS7728.1","-","P01344"
"IGF2","3481","NP_001121070.1","NM_001127598.1","CCDS44517.1","C9JAF2","-"
"IGF2BP2","10644","NP_001007226.1","NM_001007225.1","CCDS33903.1","-","Q9Y6M1"
"IGF2BP2","10644","NP_006539.3","NM_006548.4","CCDS3273.2","-","Q9Y6M1"
"IGF2BP3","10643","NP_006538.2","NM_006547.2","CCDS5382.1","-","O00425"
"IGFBP1","3484","NP_000587.1","NM_000596.2","CCDS5504.1","C1K3N3","P08833"
"IGFBP3","3486","NP_000589.2","NM_000598.4","CCDS5505.1","B3KPF0","P17936"
"IGFBP3","3486","NP_001013416.1","NM_001013398.1","CCDS34632.1","-","P17936"
"IGFBP6","3489","NP_002169.1","NM_002178.2","CCDS8846.1","-","P24592"
"IGJ","3512","NP_653247.1","NM_144646.3","CCDS3545.1","-","P01591"
"IL11","3589","NP_000632.1","NM_000641.2","CCDS12923.1","A8K3F7","P20809"
"IL20RA","53832","NP_055247.2","NM_014432.2","CCDS5181.1","-","Q9UHF4"
"IL8","3576","NP_000575.1","NM_000584.3","CCDS34005.1","-","P10145"
"INPP5F","22876","NP_055752.1","NM_014937.2","CCDS7616.1","-","Q9Y2H2"
"IP6K1","9807","NP_001006115.1","NM_001006115.2","CCDS43092.1","A8MUX4","Q92551"
"IP6K1","9807","NP_695005.1","NM_153273.3","CCDS33760.1","-","Q92551"
"ITGAV","3685","NP_001138471.1","NM_001144999.1","CCDS46471.1","B7Z883","-"
"ITGAV","3685","NP_001138472.1","NM_001145000.1","CCDS46470.1","B7ZLX0","P06756"
"ITGAV","3685","NP_002201.1","NM_002210.3","CCDS2292.1","-","P06756"
"ITPKC","80271","NP_079470.1","NM_025194.2","CCDS12563.1","-","Q96DU7"
"JPH4","84502","NP_001139500.1","NM_001146028.1","CCDS9603.1","-","Q96JJ6"
"JPH4","84502","NP_115828.2","NM_032452.2","CCDS9603.1","-","Q96JJ6"
"KANK4","163782","NP_859063.3","NM_181712.4","CCDS620.1","-","Q5T7N3"
"KIAA1324","57535","NP_065826.2","NM_020775.3","CCDS794.1","B4DWM4","Q6UXG2"
"KIF1A","547","NP_004312.2","NM_004321.4","CCDS46561.1","-","Q12756"
"KIF26A","26153","NP_056471.1","NM_015656.1","CCDS45171.1","-","Q9ULI4"
"KLK10","5655","NP_001070968.1","NM_001077500.1","CCDS12817.1","-","O43240"
"KLK10","5655","NP_002767.2","NM_002776.4","CCDS12817.1","-","O43240"
"KLK10","5655","NP_665895.1","NM_145888.2","CCDS12817.1","-","O43240"
"KLK6","5653","NP_001012982.1","NM_001012964.1","CCDS12811.1","-","Q92876"
"KLK6","5653","NP_001012983.1","NM_001012965.1","CCDS42599.1","-","Q92876"
"KLK6","5653","NP_002765.1","NM_002774.3","CCDS12811.1","-","Q92876"
"KLRT32","3882","NP_002269.3","NM_002278.3","CCDS11393.1","-","Q14532"
"KRAS","3845","NP_004976.2","NM_004985.3","CCDS8702.1","-","P01116"
"KRAS","3845","NP_203524.1","NM_033360.2","CCDS8703.1","-","P01116"
"KYNU","8942","NP_001028170.1","NM_001032998.1","CCDS33299.1","Q9BVW3","-"
"KYNU","8942","NP_001186170.1","NM_001199241.1","-","-","Q16719"
"KYNU","8942","NP_003928.1","NM_003937.2","CCDS2183.1","-","Q16719"
"LAMB1","3912","NP_002282.2","NM_002291.2","CCDS5750.1","Q8TAS6","P07942"
"LCN2","3934","NP_005555.2","NM_005564.3","CCDS6892.1","-","P80188"
"LDB2","9079","NP_001124306.1","NM_001130834.1","CCDS47031.1","-","O43679"
"LDB2","9079","NP_001281.1","NM_001290.3","CCDS3420.1","-","O43679"
"LGALS3","3958","NP_001170859.1","NM_001177388.1","-","-","-"
"LGALS3","3958","NP_002297.2","NM_002306.3","CCDS41956.1","-","P17931"
"LIMS1","3987","NP_001180411.1","NM_001193482.1","CCDS54383.1","-","-"
"LIMS1","3987","NP_001180412.1","NM_001193483.1","CCDS54382.1","B7Z483","-"
"LIMS1","3987","NP_001180413.1","NM_001193484.1","CCDS54384.1","B7Z907","-"
"LIMS1","3987","NP_001180414.1","NM_001193485.1","CCDS54385.1","B7Z7R3","-"
"LIMS1","3987","NP_001180417.1","NM_001193488.1","CCDS2078.1","-","P48059"
"LIMS1","3987","NP_004978.2","NM_004987.4","CCDS2078.1","-","P48059"
"LMOD1","25802","NP_036266.2","NM_012134.2","CCDS53457.1","-","P29536"
"LOX","4015","NP_001171573.1","NM_001178102.1","-","B7ZAJ4","-"
"LOX","4015","NP_002308.2","NM_002317.5","CCDS4129.1","D0PNI2","P28300"
"LOXL3","84695","NP_115992.1","NM_032603.2","CCDS1953.1","-","P58215"
"LRCH2","57631","NP_065922.3","NM_020871.3","CCDS48155.1","-","Q5VUJ6"
"LRP1","4035","NP_002323.2","NM_002332.2","CCDS8932.1","Q59FG2","Q07954"
"LRRN1","57633","NP_065924.3","NM_020873.5","CCDS33685.1","-","Q6UXK5"
"LTBP4","8425","NP_001036009.1","NM_001042544.1","","B3KXY6","Q8N2S1"
"LTBP4","8425","NP_001036010.1","NM_001042545.1","","B3KXY6","Q8N2S1"
"LTBP4","8425","NP_003564.2 ","NM_003573.2","","B3KXY6","Q8N2S1"
"MAPRE1","22919","NP_036457.1","NM_012325.2","CCDS13208.1","-","Q15691"
"MARCO","8685","NP_006761.1","NM_006770.3","CCDS2124.1","Q4ZG40","Q9UEW3"
"MASP1","5648","NP_001027019.1","NM_001031849.2","CCDS33909.1","-","P48740"
"MASP1","5648","NP_001870.3","NM_001879.5","CCDS33907.1","-","P48740"
"MASP1","5648","NP_624302.1","NM_139125.3","CCDS33908.1","-","P48740"
"MDM2","4193","NP_002383.2","NM_002392.3","CCDS8986.2","-","Q00987"
"MED13L","23389","NP_056150.1","NM_015335.4","CCDS9177.1","-","Q71F56"
"MEG3","55384","-","-","-","-","-"
"MGC16121","84848","-","NM_032762.2","-","-","-"
"MLH1","4292","NP_000240.1","NM_000249.3","CCDS2663.1","Q5GJ64","P40692"
"MLH1","4292","NP_001161089.1","NM_001167617.1","CCDS54562.1","E9PCU2; B4DQ11","P40692"
"MLH1","4292","NP_001161090.1","NM_001167618.1","CCDS54563.1","B4DI13","P40692"
"MLH1","4292","NP_001161091.1","NM_001167619.1","CCDS54563.1","B4DI13","P40692"
"MLH3","27030","NP_001035197.1","NM_001040108.1","CCDS32123.1","-","Q9UHC1"
"MLH3","27030","NP_055196.2","NM_014381.2","CCDS9837.1","Q2M1Z1","-"
"MME","4311","NP_000893.2","NM_000902.3","CCDS3172.1","-","P08473"
"MME","4311","NP_009218.2","NM_007287.2","CCDS3172.1","-","P08473"
"MME","4311","NP_009219.2","NM_007288.2","CCDS3172.1","-","P08473"
"MME","4311","NP_009220.2","NM_007289.2","CCDS3172.1","-","P08473"
"MMP10","4319","NP_002416.1","NM_002425.2","CCDS8321.1","-","P09238"
"MMP26","56547","NP_068573.2","NM_021801.3","CCDS7752.1","-","Q9NRE1"
"MMP7","4316","NP_002414.1","NM_002423.3 ","CCDS8317.1","-","P09237"
"MMP9","4318","NP_004985.2","NM_004994.2","CCDS13390.1","-","P14780"
"MRPL3","11222","NP_009139.1","NM_007208.3","CCDS3071.1","-","P09001"
"MS4A6","64231","NP_071744.2","NM_022349.2","CCDS44615.1","-","Q9H2W1"
"MS4A6","64231","NP_690590.1","NM_152851.1","CCDS44616.1","-","Q9H2W1"
"MS4A6","64231","NP_690591.1","NM_152852.1","CCDS7981.1","-","Q9H2W1"
"MSX2","4488","NP_002440.2","NM_002449.4","CCDS4392.1","-","P35548"
"MT1E","4493","NP_783316.2","NM_175617.3","CCDS10764.2","-","P04732"
"MTHFR","4524","NP_005948.3","NM_005957.4","CCDS137.1","Q59GJ6; Q8IU67","P42898"
"MUM1L1","139221","NP_001164491.1","NM_001171020.1","CCDS55469.1","-","Q5H9M0"
"MUM1L1","139221","NP_689636.3","NM_152423.4","CCDS55469.1","-","Q5H9M0"
"MVD","4597","NP_002452.1","NM_002461.1","CCDS10968.1","-","P53602"
"NCOA3","8202","NP_001167558.1","NM_001174087.1","-","Q59EE8","-"
"NCOA3","8202","NP_001167559.1","NM_001174088.1","CCDS54472.1","-","Q9Y6Q9"
"NCOA3","8202","NP_006525.2","NM_006534.3","CCDS13406.1","-","Q9Y6Q9"
"NCOA3","8202","NP_858045.1","NM_181659.2","CCDS13407.1","-","Q9Y6Q9"
"NDC80","10403","NP_006092.1","NM_006101.2","CCDS11827.1","A8K031","O14777"
"NDN","4692","NP_002478.1","NM_002487.2","CCDS10014.1","-","Q99608"
"NDRG1","10397","NP_001128714.1","NM_001135242.1","CCDS34945.1","-","Q92597"
"NDRG1","10397","NP_006087.2","NM_006096.3","CCDS34945.1","-","Q92597"
"NDUFA2","4695","NP_001171941.1","NM_001185012.1","CCDS54911.1","D6RJD6","-"
"NDUFA2","4695","NP_002479.1","NM_002488.4","CCDS4234.1","-","O43678"
"NFE2L2","4780","NP_001138884.1","NM_001145412.1","CCDS46457.1","-","Q16236"
"NFE2L2","4780","NP_001138885.1","NM_001145413.1","CCDS46458.1","E9PGJ7; B4E338","Q16236"
"NFE2L2","4780","NP_006155.2","NM_006164.3","CCDS42782.1","-","Q16236"
"NFIB","4781","NP_001177666.1","NM_001190737.1","CCDS55291.1","Q5VW29","-"
"NFIB","4781","NP_001177667.1","NM_001190738.1","CCDS55292.1","Q6ZNF9","-"
"NFIB","4781","NP_005587.2","NM_005596.3","CCDS6474.1","Q5VW28","O00712"
"NFKB1","4790","NP_001158884.1","NM_001165412.1","CCDS54783.1","-","P19838"
"NFKB1","4790","NP_003989.2","NM_003998.3","CCDS3657.1","-","P19838"
"NGFRAP1","27018","NP_055195.1","NM_014380.1","CCDS14508.1","-","Q00994"
"NGFRAP1","27018","NP_996798.1","NM_206915.1","CCDS14508.1","-","Q00994"
"NGFRAP1","27018","NP_996800.1","NM_206917.1","CCDS14509.1","-","Q00994"
"NID1","4811","NP_002499.2","NM_002508.2","CCDS1608.1","-","P14543"
"NKX2-1","7080","NP_001073136.1","NM_001079668.2","CCDS41945.1","-","P43699"
"NKX2-1","7080","NP_003308.1","NM_003317.3","CCDS9659.1","-","P43699"
"NME1","4830","NP_000260.1","NM_000269.2","CCDS11579.1","-","P15531"
"NME1","4830","NP_937818.1","NM_198175.1","CCDS11578.1","-","P15531"
"NME2","4831","NP_001018147.1","NM_001018137.2","CCDS11580.1","Q6FHN3","P22392"
"NME2","4831","NP_001018148.1","NM_001018138.1","CCDS11580.1","Q6FHN3","P22392"
"NME2","4831","NP_001018149.1","NM_001018139.2","CCDS11580.1","Q6FHN3","P22392"
"NME2","4831","NP_001185611.1","NM_001198682.1","-","-","-"
"NME2","4831","NP_002503.1","NM_002512.3","CCDS11580.1","Q6FHN3","P22392"
"NPDC1","56654","NP_056207.3","NM_015392.3","CCDS7024.1","-","Q9NQX5"
"NPR1","4881","NP_000897.3","NM_000906.3","CCDS1051.1","-","P16066"
"NPTX1","4884","NP_002513.2","NM_002522.3","CCDS32762.1","-","Q15818"
"NR3C1","2908","NP_000167.1","NM_000176.2","CCDS4278.1","-","P04150"
"NR3C1","2908","NP_001018084.1","NM_001018074.1","CCDS4278.1","-","P04150"
"NR3C1","2908","NP_001018085.1","NM_001018075.1","CCDS4278.1","-","P04150"
"NR3C1","2908","NP_001018086.1","NM_001018076.1","CCDS4278.1","-","P04150"
"NR3C1","2908","NP_001018087.1","NM_001018077.1","CCDS4278.1","-","P04150"
"NR3C1","2908","NP_001018661.1","NM_001020825.1","CCDS47298.1","E5KQF5","P04150"
"NR3C1","2908","NP_001019265.1","NM_001024094.1","CCDS34258.1","E5KQF6","P04150"
"NR3C1","2908","NP_001191187.1","NM_001204258.1","-","-","P04150"
"NR3C1","2908","NP_001191188.1","NM_001204259.1","-","-","P04150"
"NR3C1","2908","NP_001191189.1","NM_001204260.1","-","-","P04150"
"NR3C1","2908","NP_001191190.1","NM_001204261.1","-","-","P04150"
"NR3C1","2908","NP_001191191.1","NM_001204262.1","-","-","P04150"
"NR3C1","2908","NP_001191192.1","NM_001204263.1","-","-","P04150"
"NR3C1","2908","NP_001191193.1","NM_001204264.1","-","-","P04150"
"NR3C1","2908","NP_001191194.1","NM_001204265.1","-","-","P04150"
"NSDHL","50814","NP_001123237.1","NM_001129765.1","CCDS14717.1","-","Q15738"
"NSDHL","50814","NP_057006.1","NM_015922.2","CCDS14717.1","-","Q15738"
"NT5E","4907","NP_001191742.1","NM_001204813.1","-","B3KQI8","-"
"NT5E","4907","NP_002517.1","NM_002526.3","CCDS5002.1","-","P21589"
"NUP107","57122","NP_065134.1","NM_020401.2","CCDS8985.1","-","P57740"
"OGN","4969","NP_054776.1","NM_014057.3","CCDS6695.","A8K0R3; Q7Z532","P20774"
"OGN","4969","NP_148935.1","NM_033014.2","CCDS6695.1","A8K0R3; Q7Z532","P20774"
"OLFM1","10439","NP_006325.1","NM_006334.3","CCDS6987.1","Q6IMJ7","Q99784"
"OLFM1","10439","NP_055094.1","NM_014279.4","CCDS6986.1","Q6IMJ8","Q99784"
"OSR2","116039","NP_001135934.1","NM_001142462.1","CCDS47901.1","-","Q8N2R0"
"OSR2","116039","NP_443727.2","NM_053001.2","CCDS47902.1","-","Q8N2R0"
"P2RY14","9934","NP_001074924.1","NM_001081455.1","CCDS3156.1","A5JUU3","Q15391"
"P2RY14","9934","NP_055694.3","NM_014879.3","CCDS3156.1","A5JUU3","Q15391"
"PA2G4","5036","NP_006182.2","NM_006191.2","CCDS8902.1","-","Q9UQ80"
"PAFAHIB3","5050","NP_001139411.1","NM_001145939.1","CCDS12602.1","-","Q15102"
"PAFAHIB3","5050","NP_001139412.1","NM_001145940.1","CCDS12602.1","-","Q15102"
"PAFAHIB3","5050","NP_002564.1","NM_002573.3","CCDS12602.1","-","Q15102"
"PAK3","5063","NP_001121638.1","NM_001128166.1","CCDS14554.1","B2RCU6","O75914"
"PAK3","5063","NP_001121639.1","NM_001128167.1","CCDS14554.1","-","O75914"
"PAK3","5063","NP_001121640.1","NM_001128168.1","CCDS48151.1","B1GX79","O75914"
"PAK3","5063","NP_001121644.1","NM_001128172.1","CCDS48152.1","B1GX78; B1GX79","O75914"
"PAK3","5063","NP_001121645.1","NM_001128173.1","CCDS48153.1","B1GX77; B1GX79","O75914"
"PAK3","5063","NP_002569.1","NM_002578.3","CCDS14554.1","-","O75914"
"PAPPA","5069","NP_002572.2","NM_002581.3","CCDS6813.1","Q7Z613; Q86YM8; Q8IWT8","Q13219"
"PARM1","25849","NP_056208.2","NM_015393.3","CCDS47077.1","-","Q6UWI2"
"PARP1","142","NP_001609.2","NM_001618.3","CCDS1554.1","-","P09874"
"PAWR","5074","NP_002574.2","NM_002583.2","CCDS31863.1","-","Q96IZ0"
"PDGFRA","5156","NP_006197.1","NM_006206.4","CCDS3495.1","-","P16234"
"PDYN","5173","NP_001177821.1","NM_001190892.1","CCDS13023.1","-","P01213"
"PDYN","5173","NP_001177827.1","NM_001190898.2","CCDS13023.1","-","P01213"
"PDYN","5173","NP_001177828.1","NM_001190899.2","CCDS13023.1","-","P01213"
"PDYN","5173","NP_001177829.1","NM_001190900.1","CCDS13023.1","-","P01213"
"PDYN","5173","NP_077722.1","NM_024411.4","CCDS13023.1","-","P01213"
"PEG3","5178","NP_001139656.1","NM_001146184.1","CCDS12948.1","B4DIM4","Q9GZU2"
"PEG3","5178","NP_001139657.1","NM_001146185.1","-","B4DIM4","Q9GZU2"
"PEG3","5178","NP_001139658.1","NM_001146186.1","CCDS12948.1","-","Q9GZU2"
"PEG3","5178","NP_001139659.1","NM_001146187.1","-","A7E2B8; B4DIM4; Q96Q96","Q9GZU2"
"PEG3","5178","NP_006201.1","NM_006210.2","CCDS12948.1","B4DIM4","Q9GZU2"
"PGGT1B","5229","NP_005014.2","NM_005023.3","CCDS4116.1","-","P53609"
"PGR","5241","NP_000917.3","NM_000926.4","CCDS8310.1","-","P06401"
"PGR","5241","NP_001189403.1","NM_001202474.1","-","-","P06401"
"PID1","55022","NP_001094288.1","NM_001100818.1","CCDS42830.1","-","Q7Z2X4"
"PID1","55022","NP_060403.3","NM_017933.4","CCDS2471.1","-","Q7Z2X4"
"PITX1","5307","NP_002644.4","NM_002653.4","CCDS4182.1","-","P78337"
"PLA2G4A","5321","NP_077734.1","NM_024420.2","CCDS1372.1","-","P47712"
"PLAG1","5324","NP_001108106.1","NM_001114634.1","CCDS6165.1","-","Q6DJT9"
"PLAG1","5324","NP_001108107.1","NM_001114635.1","CCDS47860.1","B4DLC2","-"
"PLAG1","5324","NP_002646.2","NM_002655.2","CCDS6165.1","-","Q6DJT9"
"PLAU","5328","NP_001138503.1","NM_001145031.1","CCDS44442.1","Q59GZ8","P00749"
"PLAU","5328","NP_002649.1","NM_002658.3","CCDS7339.1","Q59GZ8","P00749"
"PLAUR","5329","NP_001005376.1","NM_001005376.2","CCDS33041.1","-","Q03405"
"PLAUR","5329","NP_001005377.1","NM_001005377.2","CCDS33042.1","-","Q03405"
"PLAUR","5329","NP_002650.1","NM_002659.3","CCDS12628.1","-","Q03405"
"PLEKHH2","130271","NP_742066.2","NM_172069.3","CCDS1812.1","-","Q8IVE3"
"POLE3","54107","NP_059139.3","NM_017443.4","CCDS6795.1","-","Q9NRF9"
"POLR2H","5437","NP_006223.2","NM_006232.2","CCDS3264.1","-","P52434"
"POM121","9883","NP_742017.1","NM_172020.2","CCDS5542.1","-","Q96HA1"
"PPAP2C","8612","NP_003703.1","NM_003712.2","CCDS12023.1","-","O43688"
"PPAP2C","8612","NP_803545.1","NM_177526.1","CCDS45889.1","E9PAY8","O43688"
"PPAP2C","8612","NP_808211.1","NM_177543.1","CCDS12024.1","-","O43688"
"PPM1D","8493","NP_003611.1","NM_003620.3","CCDS11625.1","Q6P991","O15297"
"PPPDE1","51029","NP_057160.2","NM_016076.3","CCDS1626.1","-","Q9BSY9"
"PRKAR1B","5575","NP_001158230.1","NM_001164758.1","CCDS34579.1","-","P31321"
"PRKAR1B","5575","NP_001158231.1","NM_001164759.1","CCDS34579.1","-","P31321"
"PRKAR1B","5575","NP_001158232.1","NM_001164760.1","CCDS34579.1","-","P31321"
"PRKAR1B","5575","NP_001158233.1","NM_001164761.1","CCDS34579.1","-","P31321"
"PRKAR1B","5575","NP_001158234.1","NM_001164762.1","CCDS34579.1","-","P31321"
"PRKAR1B","5575","NP_002726.1","NM_002735.2","CCDS34579.1","-","P31321"
"PRKCA","5578","NP_002728.1","NM_002737.2","CCDS11664.1","B5BU22; Q7Z727","P17252"
"PRKCD","5580","NP_006245.2","NM_006254.3","CCDS2870.1","-","Q05655"
"PRKCD","5580","NP_997704.1","NM_212539.1","CCDS2870.1","-","Q05655"
"PSMA3","5684","NP_002779.1","NM_002788.3","CCDS9731.1","-","P25788"
"PSMA3","5684","NP_687033.1","NM_152132.2","CCDS45113.1","-","P25788"
"PTEN","5728","NP_000305.3","NM_000314.4","CCDS31238.1","-","P60484"
"PTGS1","5742","NP_000953.2","NM_000962.2","CCDS6842.1","-","P23219"
"PTGS1","5742","NP_542158.1","NM_080591.1","CCDS6843.1","-","P23219"
"PTGS2","5743","NP_000954.1","NM_000963.2","CCDS1371.1","-","P35354"
"PTPRC","5788","NP_002829.2","NM_002838.3","CCDS1397.1","-","P08575"
"PTPRC","5788","NP_563578.1","NM_080921.2","CCDS1398.1","-","P08575"
"PTPRC","5788","NP_563580.1","NM_080923.2","CCDS44291.1","Q0VAE8","-"
"PYCARD","29108","NP_037390.2","NM_013258.4","CCDS10708.1","-","Q9ULZ3"
"PYCARD","29108","NP_660183.1","NM_145182.2","CCDS10709.1","-","Q9ULZ3"
"RAB2A","5862","NP_002856.1","NM_002865.1","CCDS6175.1","-","P61019"
"RAD51","5888","NP_001157741.1","NM_001164269.1","CCDS53931.1","Q6ZNA8","-"
"RAD51","5888","NP_001157742.1","NM_001164270.1","CCDS53932.1","B0FXP0","Q06609"
"RAD51","5888","NP_002866.2","NM_002875.4","CCDS10062.1","B0FXP0","Q06609"
"RAD51","5888","NP_597994.3","NM_133487.3","CCDS53931.1","B0FXP0","Q6ZNA8"
"RAMP1","10267","NP_005846.1","NM_005855.2","CCDS2522.1","-","O60894"
"RARRES1","5918","NP_002879.2","NM_002888.2","CCDS54665.1","-","P49788"
"RARRES1","5918","NP_996846.1","NM_206963.1","CCDS3184.1","-","P49788"
"RASGEF1A","221002","NP_660356.2","NM_145313.2","CCDS7202.2","-","Q8N9B8"
"RASSF1","11186","NP_009113.3","NM_007182.4","CCDS43096.1","-","Q9NS23"
"RASSF1","11186","NP_733830.1","NM_170712.2","CCDS2822.1","-","Q9NS23"
"RASSF1","11186","NP_733831.1","NM_170713.2","CCDS2821.1","Q5TZT2","Q9NS23"
"RASSF1","11186","NP_733832.1","NM_170714.1","CCDS2820.1","-","Q9NS23"
"RASSF2","9770","NP_055552.1","NM_014737.2","CCDS13083.1","-","P50749"
"RASSF2","9770","NP_739580.1","NM_170774.1","CCDS13083.1","-","P50749"
"RASSF6","166824","NP_803876.1","NM_177532.3","CCDS3559.1","-","Q6ZTQ3"
"RASSF6","166824","NP_958834.1","NM_201431.1","CCDS3558.1","-","Q6ZTQ3"
"RBP1","5947","NP_001124464.1","NM_001130992.1","CCDS46926.1","-","-"
"RBP1","5947","NP_001124465.1","NM_001130993.1","CCDS46925.1","E7EWV0","-"
"RBP1","5947","NP_002890.2","NM_002899.3","CCDS3110.2","-","P09455"
"RBP7","116362","NP_443192.1","NM_052960.2","CCDS109.1","-","Q96R05"
"RHOC","389","NP_001036143.1","NM_001042678.1","CCDS854.1","-","P08134"
"RHOC","389","NP_001036144.1","NM_001042679.1","CCDS854.1","-","P08134"
"RHOC","389","NP_786886.1","NM_175744.4","CCDS854.1","-","P08134"
"RNF213","57674","NP_065965.4","NM_020914.4","CCDS32761.2","-","-"
"RNF213","57674","NP_066005.2","NM_020954.2","CCDS11772.1","-","Q9HCF4"
"RORB","6096","NP_008845.2","NM_006914.3","CCDS6646.1","Q58EY0","Q92753"
"RP54X","6191","NP_000998.1","NM_001007.4","CCDS14418.1","B2R491","P62701"
"RPS6KB1","6198","NP_003152.1","NM_003161.2","CCDS11621.1","-","P23443"
"RPS6KB2","6199","NP_003943.2","NM_003952.2","CCDS41677.1","-","Q9UBS0"
"RUNX1","861","NP_001001890.1","NM_001001890.2","CCDS42922.1","-","Q01196"
"RUNX1","861","NP_001116079.1","NM_001122607.1","CCDS46646.1","-","Q01196"
"RUNX1","861","NP_001745.2","NM_001754.4","CCDS13639.1","-","Q01196"
"RUNX1T1","862","NP_001185554.1","NM_001198625.1","-","B2R6I9","Q06455"
"RUNX1T1","862","NP_001185555.1","NM_001198626.1","-","Q7Z4J5","Q06455"
"RUNX1T1","862","NP_001185556.1","NM_001198627.1","-","Q7Z4J5","Q06455"
"RUNX1T1","862","NP_001185557.1","NM_001198628.1","-","Q7Z4J5","Q06455"
"RUNX1T1","862","NP_001185558.1","NM_001198629.1","-","Q7Z4J5","Q06455"
"RUNX1T1","862","NP_001185559.1","NM_001198630.1","-","Q7Z4J5","Q06455"
"RUNX1T1","862","NP_001185560.1","NM_001198631.1","-","Q7Z4J5","Q06455"
"RUNX1T1","862","NP_001185561.1 ","NM_001198632.1","-","Q7Z4J5","Q06455"
"RUNX1T1","862","NP_001185562.1","NM_001198633.1","-","Q7Z4J5","-"
"RUNX1T1","862","NP_001185563.1","NM_001198634.1","-","B7Z4P4","-"
"RUNX1T1","862","NP_001185608.1","NM_001198679.1","-","Q7Z4J5","-"
"RUNX1T1","862","NP_004340.1 ","NM_004349.3","CCDS47891.1","-","Q06455"
"RUNX1T1","862","NP_783552.1","NM_175634.2","CCDS6256.1","-","Q06455"
"RUNX1T1","862","NP_783553.1","NM_175635.2","CCDS6257.1","Q7Z4J5","Q06455"
"RUNX1T1","862","NP_783554.1","NM_175636.2","CCDS6257.1","Q7Z4J5","Q06455"
"RUVBL1","8607","NP_003698.1","NM_003707.2","CCDS3047.1","-","Q9Y265"
"S100A2","6273","NP_005969.1","NM_005978.3","CCDS1044.1","-","P29034"
"S100A4","6275","NP_002952.1","NM_002961.2","CCDS1042.1","-","P26447"
"S100A4","6275","NP_062427.1","NM_019554.2","CCDS1042.1","-","P26447"
"SAA1","6288","NP_000322.2","NM_000331.4","CCDS7835.1","-","P02735"
"SAA1","6288","NP_001171477.1","NM_001178006.1","CCDS7835.1","-","P02735"
"SAA1","6288","NP_954630.1","NM_199161.3","CCDS7835.1","-","P02735"
"SAA2","6289","NP_001120852.1","NM_001127380.2","CCDS44548.1","-","-"
"SAA2","6289","NP_110381.2","NM_030754.4","CCDS7833.1","-","P02735"
"SAT1","6303","NP_002961.1","NM_002970.2","CCDS14207.1","Q6ICU9","P21673"
"SCARA5","286133","NP_776194.2","NM_173833.5","CCDS6064.1","-","Q6ZMJ2"
"SCGB2A2","4250","NP_002402.1","NM_002411.2","CCDS8018.1","-","Q13296"
"SDC1","6382","NP_001006947.1","NM_001006946.1","CCDS1697.1","-","P18827"
"SDC1","6382","NP_002988.3","NM_002997.4","CCDS1697.1","-","P18827"
"SELP","6403","NP_002996.2","NM_003005.3","CCDS1282.1","Q5R349; Q6NUL9","P16109"
"SERPINA3","12","NP_001076.2","NM_001085.4","CCDS32150.1","-","P01011"
"SERPINB2","5055","NP_001137290.1","NM_001143818.1","CCDS11989.1","-","P05120"
"SERPINB2","5055","NP_002566.1","NM_002575.2","CCDS11989.1","-","P05120"
"SESN3","143686","NP_653266.2 ","NM_144665.2","CCDS8303.1","-","P58005"
"SFN","2810","NP_006133.1","NM_006142.3","CCDS288.1","-","P31947"
"SFRS3","6428","NP_003008.1","NM_003017.4","CCDS4823.1","B2R6F3","P84103"
"SHBG","6462","NP_001031.2","NM_001040.3","CCDS11117.1","B0FWH2","P04278"
"SHBG","6462","NP_001139751.1","NM_001146279.1","-","B0FWH2","-"
"SHBG","6462","NP_001139752.1","NM_001146280.1","CCDS54082.1","-","-"
"SHBG","6462","NP_001139753.1","NM_001146281.1","CCDS54083.1","B0FWH4","E9PGW1"
"SHD","56961","NP_064594.3","NM_020209.3","CCDS12125.1","-","Q96IW2"
"SIN3B","23309","NP_056075.1","NM_015260.1","CCDS32946.1","-","O75182"
"SKP2","6502","NP_005974.2","NM_005983.2","CCDS3916.1","-","Q13309"
"SKP2","6502","NP_116026.1","NM_032637.2","CCDS3915.1","-","Q13309"
"SLC18A2","6751","NP_001040.1","NM_001049.2","CCDS9666.1","Q86SW9","P30872"
"SLC24A3","57419","NP_065740.2","NM_020689.3","CCDS13140.1","-","Q9HC58"
"SLC26A2","1836","NP_000103.2","NM_000112.3","CCDS4300.1","-","P50443"
"SLC29A2","3177","NP_001523.2","NM_001532.2","CCDS8137.1","Q96FB2","Q14542"
"SLC2A5","6518","NP_001129057.1","NM_001135585.1","CCDS44054.1","Q8IVB3","-"
"SLC2A5","6518","NP_003030.1","NM_003039.2","CCDS99.1","-","P22732"
"SLC38A1","81539","NP_001070952.1","NM_001077484.1","CCDS41774.1","-","Q9H2H9"
"SLC38A1","81539","NP_109599.3","NM_030674.3","CCDS41774.1","-","Q9H2H9"
"SLC47A1","55244","NP_060712.2","NM_018242.2","CCDS11209.1","-","Q96FL8"
"SMYD2","56950","NP_064582.2","NM_020197.2","CCDS31022.1","-","Q9NRG4"
"SNAPC1","6617","NP_003073.1","NM_003082.3","CCDS9755.1","B2RC42","Q16533"
"SORBS2","8470","NP_001139142.1","NM_001145670.1","CCDS47173.1","E9PAS5","O94875"
"SORBS2","8470","NP_001139143.1","NM_001145671.1","CCDS47174.1","E9PB50","O94875"
"SORBS2","8470","NP_001139144.1","NM_001145672.1","CCDS54825.1","B7Z1G5","O94875"
"SORBS2","8470","NP_001139145.1","NM_001145673.1","CCDS47175.1","E9PAW4","O94875"
"SORBS2","8470","NP_001139146.1","NM_001145674.1","CCDS47176.1","B3KPQ7; B7Z3X6","-"
"SORBS2","8470","NP_001139147.1","NM_001145675.1","-","B7Z997","-"
"SORBS2","8470","NP_003594.3","NM_003603.5","CCDS43289.2","-","O94875"
"SORBS2","8470","NP_066547.1","NM_021069.4","CCDS3845.1","-","O94875"
"SOX2","6657","NP_003097.1","NM_003106.3","CCDS3239.1","-","P48431"
"SPDEF","25803","NP_036523.1","NM_012391.1","CCDS4794.1","-","O95238"
"SPHK1","8877","NP_001136073.1","NM_001142601.1","CCDS45785.1","Q53ZR5; Q96GK1","Q9NYA1"
"SPHK1","8877","NP_001136074.1","NM_001142602.1","CCDS45785.1","Q53ZR5; Q96GK1","Q9NYA1"
"SPHK1","8877","NP_068807.2","NM_021972.3","-","Q96GK1","Q9NYA1"
"SPHK1","8877","NP_892010.2","NM_182965.2","CCDS11744.1","Q96GK1","Q9NYA1"
"SPP1","6696","NP_000573.1","NM_000582.2","CCDS3626.1","B2RDA1","P10451"
"SPP1","6696","NP_001035147.1","NM_001040058.1","CCDS43250.1","Q4W597","P10451"
"SPP1","6696","NP_001035149.1","NM_001040060.1","CCDS34027.1","Q567T5","-"
"SPRY2","10253","NP_005833.1","NM_005842.2","CCDS9463.1","-","O43597"
"SPTLC1","10558","NP_006406.1","NM_006415.2","CCDS6692.1","-","O15269"
"SPTLC1","10558","NP_847894.1","NM_178324.1","CCDS6693.1","Q96IX6","-"
"SRC","6714","NP_005408.1","NM_005417.3","CCDS13294.1","-","P12931"
"SRC","6714","NP_938033.1","NM_198291.1","CCDS13294.1","-","P12931"
"SRPX","8406","NP_001164221.1","NM_001170750.1","CCDS55400.1","B3KWP8","-"
"SRPX","8406","NP_001164222.1","NM_001170751.1","CCDS55401.1","B4DQH5","-"
"SRPX","8406","NP_001164223.1","NM_001170752.1","CCDS55402.1","B4DDB8","-"
"SRPX","8406","NP_006298.1","NM_006307.4","CCDS14245.1","-","P78539"
"ST6GAL1","6480","NP_003023.1","NM_003032.2","CCDS3285.1","-","P15907"
"ST6GAL1","6480","NP_775323.1","NM_173216.2","CCDS3285.1","-","P15907"
"ST6GAL1","6480","NP_775324.1","NM_173217.2","CCDS46973.1","B2R513","P15907"
"ST8SIA4","7903","NP_005659.1","NM_005668.4","CCDS4091.1","-","Q92187"
"ST8SIA4","7903","NP_778222.1","NM_175052.1","CCDS47252.1","Q8N1F4","-"
"STK11","6794","NP_000446.1","NM_000455.4","CCDS45896.1","-","Q15831"
"SULT1A1","6817","NP_001046.2","NM_001055.2","CCDS32420.1","-","P50225"
"SULT1A1","6817","NP_803565.1","NM_177529.1","CCDS32420.1","-","P50225"
"SULT1A1","6817","NP_803566.1","NM_177530.1","CCDS32420.1","-","P50225"
"SULT1A1","6817","NP_803878.1","NM_177534.1","CCDS32420.1","-","P50225"
"SULT1A1","6817","NP_803880.1","NM_177536.2","CCDS10637.1","-","P50225"
"SULT1E1","6783","NP_005411.1","NM_005420.2","CCDS3531.1","Q53X91","P49888"
"TBX3","6926","NP_005987.3","NM_005996.3","CCDS9175.1","-","O15119"
"TBX3","6926","NP_057653.3","NM_016569.3","CCDS9176.1","-","O15119"
"TCEAL7","56849","NP_689491.1","NM_152278.3","CCDS14506.1","-","Q9BRU2"
"TCEB3","6924","NP_003189.2","NM_003198.2","CCDS239.2","-","Q14241"
"TFAM","7019","NP_003192.1","NM_003201.1","CCDS7253.1","E5KSU5","Q00059"
"TFAP2A","7020","NP_001027451.1","NM_001032280.2","CCDS34337.1","Q8N1C6","P05549"
"TFAP2A","7020","NP_001035890.1","NM_001042425.1","CCDS43422.1","Q5TAV5","P05549"
"TFAP2A","7020","NP_003211.1","NM_003220.2","CCDS4510.1","-","P05549"
"TFF1","7031","NP_003216.1","NM_003225.2","CCDS13685.1","-","P04155"
"TFF3","7033","NP_003217.3","NM_003226.3","CCDS33565.2","E9PBB5","Q07654"
"THBS2","7058","NP_003238.2","NM_003247.2","CCDS34574.1","Q6MZL6","P35442"
"THRB","7068","NP_000452.2","NM_000461.4","CCDS2641.1","-","P10828"
"THRB","7068","NP_001121648.1","NM_001128176.1","CCDS2641.1","-","P10828"
"THRB","7068","NP_001121649.1","NM_001128177.1","CCDS2641.1","-","P10828"
"TIMP1","7076","NP_003245.1","NM_003254.2","CCDS14281.1","Q6FGX5","P01033"
"TMC5","79838","NP_001098718.1","NM_001105248.1","CCDS45431.1","-","Q6UXY8"
"TMC5","79838","NP_001098719.1","NM_001105249.1","CCDS42126.1","-","Q6UXY8"
"TMC5","79838","NP_079056.2","NM_024780.4","CCDS10577.1","-","Q6UXY8"
"TMEFF1","8577","NP_003683.2","NM_003692.4","CCDS6750.1","-","Q8IYR6"
"TMEM101","84336","NP_115752.1","NM_032376.2","CCDS11474.1","-","Q96IK0"
"TMEM132C","92293","NP_001129575.2","NM_001136103.2","-","-","Q8N3T6"
"TMEM9B","56674","NP_065695.1","NM_020644.1","CCDS7796.1","Q543A1","Q9NQ34"
"TMSB10","9168","NP_066926.1","NM_021103.3","CCDS1970.1","Q596K9","P63313"
"TNFAIP3","7128","NP_006281.1","NM_006290.2","CCDS5187.1","-","P21580"
"TNFRSF10C","8794","NP_003832.2","NM_003841.3","CCDS6037.1","-","O14798"
"TNXB","7148","NP_061978.6","NM_019105.6","-","O95680; O95681; Q9Y464","P22105"
"TNXB","7148","NP_115859.2","NM_032470.3","CCDS4736.1","Q6IPK3","P22105"
"TP53","7157","NP_000537.3","NM_000546.4","CCDS11118.1","Q53GA5","P04637"
"TP53","7157","NP_001119584.1","NM_001126112.1","CCDS11118.1","Q53GA5","P04637"
"TP53","7157","NP_001119585.1","NM_001126113.1","CCDS45605.1","Q53GA5","P04637"
"TP53","7157","NP_001119586.1","NM_001126114.1","CCDS45606.1","Q53GA5","P04637"
"TP53","7157","NP_001119587.1","NM_001126115.1","-","Q53GA5","P04637"
"TP53","7157","NP_001119588.1","NM_001126116.1","-","Q53GA5","P04637"
"TP53","7157","NP_001119589.1","NM_001126117.1","-","Q53GA5","P04637"
"TRO","7216","NP_001034794.1","NM_001039705.1","CCDS43959.1","-","Q12816"
"TRO","7216","NP_057241.2","NM_016157.2","CCDS43958.1","Q96SX2; Q9BX90","-"
"TRO","7216","NP_808224.1","NM_177556.1","CCDS43958.1","Q96SX2; Q9BX90","-"
"TRPC1","7220","NP_003295.1","NM_003304.4","CCDS3126.1","-","P48995"
"TSHZ3","57616","NP_065907.2","NM_020856.2","CCDS12421.2","-","Q63HK5"
"TTC5","91875","NP_612385.2","NM_138376.2","CCDS9546.1","Q86T04","Q8N0Z6"
"TTK","7272","NP_001160163.1","NM_001166691.1","CCDS55040.1","A8K8U5","-"
"TTK","7272","NP_003309.2","NM_003318.4","CCDS4993.1","-","P33981"
"TWIST2","117581","NP_476527.1","NM_057179.2","CCDS46558.1","-","Q8WVJ9"
"TYMP","1890","NP_001107227.1","NM_001113755.1","CCDS14096.1","B2RBL3; E5KRG5","P19971"
"TYMP","1890","NP_001107228.1","NM_001113756.1","CCDS14096.1","E5KRG5","P19971"
"TYMP","1890","NP_001944.1","NM_001953.3","CCDS14096.1","E5KRG5","P19971"
"TYMS","7298","NP_001062.1","NM_001071.2","CCDS11821.1","Q53Y97","P04818"
"UBE2E2","7325","NP_689866.1","NM_152653.3","CCDS2637.1","-","Q96LR5"
"UCHL1","7345","NP_004172.2","NM_004181.4","CCDS3462.1","-","P09936"
"UGT1A1","54658","NP_000454.1","NM_000463.2","CCDS2510.1","Q5DT03","P22309"
"USP37","57695","NP_065986.2","NM_020935.2","CCDS2418.1","-","Q86T82"
"VEGFA","7422","NP_001020537.2","NM_001025366.2","CCDS34457.1","-","P15692"
"VEGFA","7422","NP_001020538.2","NM_001025367.2","CCDS47433.1","-","P15692"
"VEGFA","7422","NP_001020539.2","NM_001025368.2","CCDS34458.1","-","P15692"
"VEGFA","7422","NP_001020540.2","NM_001025369.2","CCDS47435.1","-","P15692"
"VEGFA","7422","NP_001020541.2","NM_001025370.2","CCDS47434.1","-","P15692"
"VEGFA","7422","NP_001028928.1","NM_001033756.2","CCDS47432.1","-","P15692"
"VEGFA","7422","NP_001165093.1","NM_001171622.1","CCDS55007.1","-","P15692"
"VEGFA","7422","NP_001165094.1","NM_001171623.1","CCDS55010.1","-","P15692"
"VEGFA","7422","NP_001165095.1","NM_001171624.1","CCDS55009.1","-","P15692"
"VEGFA","7422","NP_001165096.1","NM_001171625.1","CCDS55008.1","-","P15692"
"VEGFA","7422","NP_001165097.1","NM_001171626.1","CCDS55012.1","-","P15692"
"VEGFA","7422","NP_001165098.1","NM_001171627.1","CCDS55011.1","-","P15692"
"VEGFA","7422","NP_001165099.1","NM_001171628.1","CCDS55014.1","-","P15692"
"VEGFA","7422","NP_001165100.1","NM_001171629.1","CCDS55013.1","-","P15692"
"VEGFA","7422","NP_001165101.1","NM_001171630.1","CCDS55015.1","-","P15692"
"VEGFA","7422","NP_001191313.1","NM_001204384.1","-","-","P15692"
"VEGFA","7422","NP_001191314.1","NM_001204385.1","-","-","P15692"
"VEGFA","7422","NP_003367.4","NM_003376.5","CCDS4907.2","-","P15692"
"VGLL1","51442","NP_057351.1","NM_016267.3","CCDS14658.1","-","Q99990"
"VGLL3","389136","NP_057290.2","NM_016206.2","CCDS43110.1","-","A8MV65"
"VIM","7431","NP_003371.2","NM_003380.3","CCDS7120.1","-","P08670"
"VOPP1","81552","NP_110423.3","NM_030796.3","CCDS47588.1","-","Q96AW1"
"VPS36","51028","NP_057159.2","NM_016075.2","CCDS9434.1","-","Q86VN1"
"WNT7A","7476","NP_004616.2","NM_004625.3","CCDS2616.1","-","O00755"
"XYLT1","64131","NP_071449.1","NM_022166.3","CCDS10569.1","-","Q86Y38"
"YES1","7525","NP_005424.1","NM_005433.3","CCDS11824.1","-","P07947"
"YWHAB","7529","NP_003395.1","NM_003404.3","CCDS13339.1","-","P31946"
"YWHAB","7529","NP_647539.1","NM_139323.2","CCDS13339.1","-","P31946"
"ZBED1","9189","NP_001164606.1","NM_001171135.1","CCDS14118.1","-","O96006"
"ZBED1","9189","NP_001164607.1","NM_001171136.1","CCDS14118.1","-","O96006"
"ZBED1","9189","NP_004720.1","NM_004729.3","CCDS14118.1","-","O96006"
"ZEB1","6935","NP_001121600.1","NM_001128128.2","CCDS44370.1","B2RBI8; E9PCM7","P37275"
"ZEB1","6935","NP_001167564.1","NM_001174093.1","CCDS53506.1","Q2KJ05; Q5VZ84","-"
"ZEB1","6935","NP_001167565.1","NM_001174094.1","-","B2RBI8","P37275"
"ZEB1","6935","NP_001167566.1","NM_001174095.1","CCDS53507.1","B2RBI8; B4DUW9","P37275"
"ZEB1","6935","NP_001167567.1","NM_001174096.1","CCDS53505.1","Q2KJ05","-"
"ZEB1","6935","NP_110378.3","NM_030751.5","CCDS7169.1","B2RBI8","P37275"
"ZIC1","7545","NP_003403.2","NM_003412.3","CCDS3136.1","-","Q15915"
"ZMYND19","116225","NP_612471.1","NM_138462.2","CCDS7048.1","-","Q96E35"
"ZNF207","7756","NP_001027464.1","NM_001032293.2","CCDS32614.1","-","O43670"
"ZNF207","7756","NP_001091977.1","NM_001098507.1","CCDS42294.1","E1P660","O43670"
"ZNF207","7756","NP_003448.1","NM_003457.3","CCDS11271.1","-","O43670"
