"Gene_Name","Gene_ID","Gene_Description","Chromosome","Aliases","Pubmed_ID","Homologene_ID","int_protein"
"Gene_Name","0","Gene_Description","Chr","Aliases","Pubmed_ID","0",""
"ABCB1","5243","ABCB1 ATP-binding cassette; sub-family B (MDR/TAP); member 1","7","CLCS; MDR1; P-GP; PGY1; ABC20; CD243; GP170; MGC163296; ABCB1","17300681","55496","CAV1,HAX1,RNF2"
"ABCC3","8714","ABCC3 ATP-binding cassette; sub-family C (CFTR/MRP); member 3","17","MLP2; MRP3; ABC31; MOAT-D; cMOAT2; EST90757; DKFZp686E22157; ABCC3","18949382","68364","NA"
"ACOT2","10965","ACOT2 acyl-CoA thioesterase 2","14","MTE1; PTE2; CTE1A; PTE2A; ZAP128; ACOT2","18949382","25661","NA"
"ADAM3","80332","ADAM33 ADAM metallopeptidase domain 33","20","FLJ35308; FLJ36751; MGC71889; C20orf153; DJ964F7.1; MGC149823; DKFZp434K0521","17043662","11881","NA"
"ADAM9","8754","ADAM9 ADAM metallopeptidase domain 9","8","MCMP; MDC9; CORD9; Mltng; KIAA0021; ADAM9","18949382","20824","ITGA3,ITGA6,ITGAV,MAD2L2,PRKCD,SH3D19,SH3GLB1,SNX9,TNF"
"ADAMTS5","11096","ADAMTS5 ADAM metallopeptidase with thrombospondin type 1 motif; 5","21","ADMP-2; ADAM-TS5; ADAMTS-5; ADAMTS11; FLJ36738; ADAM-TS 5; ADAMTS-11; ADAM-TS 11","17043662","5109","ACAN,MMP13"
"ADD3","120","ADD3 adducin 3 (gamma)","10","ADDL; ADD3","15604243; 18949382  ","40893","PRKCA"
"AGR2","10551","AGR2 anterior gradient homolog 2 (Xenopus laevis)","7","AG2; GOB-4; HAG-2; XAG-2; PDIA17; AGR2","159300340","4674","BRD7,CCDC90B,CRMP1,MED31,POM121,UBQLN4"
"AKT1","207","AKT1 v-akt murine thymoma viral oncogene homolog 1","8","AKT; PKB; RAC; PRKBA; MGC99656; PKB-ALPHA; RAC-ALPHA; AKT1","11309338; 12790783","3785","AHNAK,AKT1,AKT1S1,AKT2,AKTIP,APLP2,APPL1,AR,ATXN1,BAD,BCL10,BCL2L11,BRAF,BRCA1,CAMKK1,CASP3,CASP9,CCDC88A,CDKN1A,CDKN1B,CHEK1,CHUK,CREB1,DLC1,EIF4EBP1,EP300,ESR1,ESR2,EZH2,FANCA,FOXO1,FOXO3,FOXO4,GAB2,GATA1,GATA2,GRB10,GSK3A,GSK3B,HIST2H2BE,HMOX1,HSP90AA1,HSP90AB1,HTT,IKBKB,ILK,IMPDH2,IRAK1,IRS1,ITGB3,KRT10,MAP2K4,MAP3K11,MAP3K5,MAP3K8,MAPK8IP1,MAPKAPK2,MDM2,MDM4,METTL1,MS4A2,MST1R,MTCP1,MTOR,NCF1,NOS3,NR4A1,PAK1,PDE3B,PDK2,PDPK1,PEA15,PFKFB2,PHB2,PIK3R1,PKN2,PLXNA1,PPARGC1B,PPL,PPM1A,PPP2CA,PRG2,PRKCQ,PRKCZ,PRKDC,PTEN,PTPN1,RAB3D,RAC1,RAF1,RHEBL1,RPS6KB1,S1PR1,SH2B2,SMAD2,SMAD3,SMAD4,SMAD7,SORBS2,SRC,STAT1,TCL1A,TCL1B,TCL6,TERT,THEM4,TNFSF11,TOPBP1,TRIB3,TSC1,TSC2,UXS1,VEGFA,WNK1,XIAP,YAP1,YBX1,YWHAZ"
"ALDH1A2","8854","ALDH1A2 aldehyde dehydrogenase 1 family; member A2","15","RALDH2; MGC26444; RALDH2-T; RALDH(II)","17043662","68368","NA"
"ALPPL2","251","ALPPL2 alkaline phosphatase; placental-like 2","2","ALPG; GCAP; ALPPL; ALPPL2","17043662","122137","ALPP,ALPPL2"
"ANXA2","302","ANXA2 annexin A2","15","P36; ANX2; LIP2; LPC2; CAL1H; LPC2D; ANX2L4; PAP-IV; ANXA2","18949382","20857","APOH,CD99,CDC42,CEACAM1,CTSB,DYSF,GRB2,LGALS13,LYPLA1,MAP3K4,MYOC,PHB,PLA1A,PLAT,PLG,PRKCA,PRKCB,S100A10,S100A4,S100A6,SRC"
"APC","324","APC adenomatous polyposis coli","5","GS; DP2; DP3; BTPS2; DP2.5; APC","12097272","30950","APC,ARHGEF4,AXIN1,AXIN2,BUB1,CSNK1E,CTBP1,CTNNB1,DLGAP1,GSK3B,IQGAP1,JUP,KIFAP3,MAPRE1,MUC1,PPP2CA,PPP2R5A,PRKACA,PTPN13,RP1,SIAH1,TFAP2A,TUBA4A"
"AR","367","AR androgen receptor","X","KD; AIS; TFM; DHTR; SBMA; HYSP1; NR3C4; SMAX1; HUMARA; AR","16161040","28","AES,AHR,AKT1,APOL2,APPBP2,AR,ATF2,BAG1,BRCA1,CALM1,CALR,CASP1,CASP3,CASP7,CASP8,CAV1,CCND1,CCNE1,CCNH,CDC25A,CDC25B,CDC37,CDK1,CDK6,CDK7,CDK9,COX5B,CREBBP,CTDSP2,CTNNB1,CUL4B,DAP3,DAXX,DCAF6,DDC,EFCAB6,EGFR,EP300,ESR1,ETV5,FHL2,FLNA,FOXA1,FOXO1,GAK,GAPDH,GNB2L1,GRIP1,GSK3B,GSN,GTF2F1,GTF2F2,GTF2H1,HDAC1,HIF1A,HIPK3,HMGB1,HSP90AA1,IARS,IDE,IFI16,IL6ST,JMJD1C,JUN,KAT2B,KAT5,KDM1A,KIF1A,KLK2,MAPK1,MDM2,MED1,MED14,MYBBP1A,MYST2,NCOA1,NCOA2,NCOA3,NCOA4,NCOR1,NCOR2,NFKB1,NISCH,NONO,NR0B1,NR0B2,NR2C1,NR2C2,NR3C1,NR3C2,NR5A1,NRIP1,NSD1,PA2G4,PAK6,PELP1,PIAS1,PIAS2,PIAS3,PIAS4,PNRC1,PNRC2,POU2F1,POU5F1,PRMT1,PRPF6,PSMC3IP,PTEN,PXN,RAC3,RAD54L2,RAD9A,RAF1,RAN,RANBP9,RB1,RBAK,RCHY1,RELA,RNASEL,RNF14,RNF4,RUNX1,RUNX2,SART3,SLC25A4,SMAD1,SMAD3,SMAD4,SP1,SPDEF,SRC,SRY,STAT3,STUB1,SUMO1,SVIL,TCF4,TGFB1I1,TGIF1,TMF1,TRIM24,TRIP4,TSG101,UBE2I,UBE3A,UXT,WIPI1,XRCC5,XRCC6,ZMIZ1"
"AREG","374","AREG amphiregulin","4","AR; SDGF; AREGB; CRDGF; MGC13647; AREG","15604243","1252","CCND3,EGFR,MMP9,UBQLN4,WT1"
"ARL4A","10124","ARL4A ADP-ribosylation factor-like 4A","7","ARL4; ARL4A","18949382","4194","KPNA2"
"ASRGL1","80150","ASRGL1 asparaginase like 1","11","ALP; ALP1; CRASH; FLJ22316; ASRGL1","159300340","11825","NA"
"ATAD2","29028","ATAD2 ATPase family; AAA domain containing 2","8","ANCCA; MGC5254; PRO2000; MGC29843; MGC131938; MGC142216; DKFZp667N1320; ATAD2","159300340","6044","ESR1,NCOA3"
"ATP2C2","9914","ATP2C2 ATPase; Ca++ transporting; type 2C; member 2","16","SPCA2; KIAA0703; DKFZp686H22230; ATP2C2","159300340","73463","NA"
"ATP8A2","51761","ATP8A2 ATPase; aminophospholipid transporter; class I; type 8A; member 2","13","IB; ATP; ML-1; ATPIB; DKFZp434B1913","17043662","4443","NA"
"ATP8B2","57198","ATP8B2 ATPase; class I; type 8B; member 2","1","ATPID; KIAA1137; DKFZp434M0219; ATP8B2","159300340","23226","NA"
"ATP9B","374868","ATP9B ATPase; class II; type 9B","18","NEO1L; ATPIIB; ATPASEP; FLJ46612; HUSSY-20; MGC61572; MGC150650; MGC150651; DKFZp686H2093; ATP9B","15604243","21915","NA"
"ATR","545","ataxia telangiectasia and Rad3 related","3","FRP1; MEC1; SCKL; SCKL1","19470935","96916","AATF,BRCA1,CHD4,CHEK1,CHEK2,CLSPN,E2F1,EEF1E1,FLT1,KDR,MSH2,NBN,RAD17,RHEB,TP53,TREX1,XPA,XRCC5"
"B3GAT3","26229","B3GAT3 beta-1;3-glucuronyltransferase 3 (glucuronosyltransferase I)","11","GLCATI; B3GAT3","15604243","56554","B3GAT3"
"BAMBI","25805","BAMBI BMP and activin membrane-bound inhibitor homolog (Xenopus laevis)","10","NMA; BAMBI","159300340","8215","SOX30"
"BCAM","4059","BCAM basal cell adhesion molecule (Lutheran blood group)","19","AU; LU; CD239; MSK19; BCAM","159300340","21149","EPB41,LAMA5"
"BCL2L1","598","BCL2L1 BCL2-like 1","20","BCLX; BCL2L; BCLXL; BCLXS; Bcl-X; bcl-xL; bcl-xS; BCL-XL/S; DKFZp781P2092; BCL2L1","20178603","7639","ANTXR1,APAF1,AVEN,BAD,BAG1,BAK1,BAX,BBC3,BCAP31,BCL2,BCL2L1,BCL2L10,BCL2L11,BCL2L12,BCL2L14,BCLAF1,BECN1,BID,BIK,BMF,BNIP1,BNIP3,BNIP3L,CAPN1,CASP1,CASP8,CASP9,CFLAR,CRYAA,CRYAB,CYCS,FKBP8,HRK,IKZF3,IRS1,IRS2,MAPK8,MCL1,MOAP1,NLRP1,PMAIP1,PPP1CA,PSEN1,PSEN2,RAD9A,RTN1,RTN4,SIVA1,SNCA,SPNS1,TMBIM6,TP53,VDAC1"
"BEX5","340542","BEX5 brain expressed; X-linked 5","X","MGC104434; MGC126446; NGFRAP1L1","17043662","53470","NA"
"BIRC5","332","BIRC5 baculoviral IAP repeat containing 5","17","API4; EPR-1; BIRC5","16826583","37450","AURKB,BIRC5,BIRC6,CASP3,CASP7,CASP9,CDCA8,CDK1,CDK4,DIABLO,HSP90AA1,INCENP,RASA1,XIAP,XPO1"
"BRAF","673","v-raf murine sarcoma viral oncogene homolog B1","7","NS7; BRAF1; RAFB1; B-RAF1; FLJ95109; MGC126806; MGC138284","16144912","3197","AKT1,BRAF,HRAS,MAP2K1,MAP2K2,MAPK1,MRAS,OIP5,PRKACA,PRKCE,RAF1,RAP1A,RAP1GAP,RHEB,SGK1,YWHAB,YWHAG,YWHAH,YWHAQ,YWHAZ"
"BST2","684","BST2 bone marrow stromal cell antigen 2","19","CD317; TETHERIN; BST2","17043662","48277","NA"
"BTN2A1","11120","BTN2A1 butyrophilin; subfamily 2; member A1 [","6","BTF1; BT2.1; DJ3E1.1; BK14H9.1; FLJ36567; BTN2A1","15604243","56017","NA"
"C19ORF33","64073","chromosome 19 open reading frame 33","19","IMUP; H2RSP; IMUP-1; IMUP-2; MGC39135; MGC75180","18507030","0","NA"
"C1QTNF3","114899","C1QTNF3 C1q and tumor necrosis factor related protein 3","5","CORS; CORCS; CTRP3; CORS26; C1ATNF3; CORS-26; FLJ37576; C1QTNF3","18949382","12788","NA"
"C20orf32","25927","CNRIP1 cannabinoid receptor interacting protein 1","2","CRIP1; C2orf32; DKFZp566K1924","17043662","9153","NA"
"C8A","731","C8A complement component 8; alpha polypeptide","1","C8A","15604243","472","C8B,C8G,C9,CD59"
"CAPG","822","CAPG capping protein (actin filament); gelsolin-like","2","MCP; AFCP; CAPG","18949382","37523","NCAPH"
"CAPZA1","829","CAPZA1 capping protein (actin filament) muscle Z-line; alpha 1","1","CAPZ; CAZ1; CAPPA1; CAPZA1","18949382","24376","ACTB,CD2AP,S100A1,S100B,SH3KBP1"
"CASC2","255082","cancer susceptibility candidate 2","10","C10orf5; MGC117219","18949382","0","NA"
"CASP3","836","CASP3 caspase 3; apoptosis-related cysteine peptidase","4","CPP32; SCA-1; CPP32B; CASP3","19531679","37912","ACIN1,ADD1,AIFM1,AKAP8,AKT1,APAF1,APP,AR,ARHGDIB,ATN1,BCAP31,BCAR1,BCL2,BID,BIRC2,BIRC3,BIRC5,BIRC6,BIRC7,BLM,BMX,BRCA1,CAD,CASP10,CASP3,CASP4,CASP6,CASP8,CASP9,CAST,CDC27,CDC2L2,CDC42,CDH1,CDK11B,CDKN1A,CFLAR,CTNNB1,DCC,DCTN1,DEDD,DFFA,DSG3,EIF2AK2,EIF2S1,EIF3J,EIF4B,EIF4G2,FYN,GATA1,GOLGA3,GORASP1,GRIPAP1,GSN,GZMB,HCLS1,HIP1,HMGB1,HNRNPU,HSPD1,HSPE1,HTT,IL16,IL18,KCNIP3,KRT18,LMNB1,LYN,MAP4K1,MAPK8IP3,MAPT,MCL1,MDM2,MDM4,MEF2A,MET,MLH1,MYL3,NEDD4,NFE2L2,NMT2,PAK2,PARG,PDE10A,PDE5A,PICALM,PIP5K1A,PKN1,PKN2,PLA2G4A,PPP3CA,PRKCQ,PRKCZ,PRKDC,PSEN1,PSEN2,PSIP1,PSME3,PTBP1,PTMA,PXN,RABEP1,RAC1,RAD51,RASA1,RB1,RFC1,ROCK1,SARS2,SLK,SP1,SPTAN1,SREBF2,SRF,SRP72,STK24,STK3,STK4,TFAP2A,TGM2,THAP11,TOP1,TRAF1,TRAF3,UBE4B,USO1,VAV1,VIM,WEE1,XIAP,YWHAE"
"CASP7","840","CASP7 caspase 7; apoptosis-related cysteine peptidase","10","MCH3; CMH-1; ICE-LAP3; CASP7","19531679","11168","AR,BIRC2,BIRC3,BIRC5,BIRC7,CASP10,CASP2,CASP7,CAST,CDC42,CFLAR,CLSPN,CTSG,DCTN1,DFFA,DSP,EIF2AK2,GOLGA3,GORASP1,GZMB,HSPA5,KRT18,LYN,MAPT,MAX,MEF2A,MEF2D,NEDD4,PRKCZ,PSEN1,PSEN2,PSIP1,PSME3,PTMA,RAC1,RAD21,RAD51,RASA1,RB1,RNF7,SRF,STK24,TNFRSF1A,UBE4B,VIM,XIAP"
"CCL2","6347","chemokine (C-C motif) ligand 2","17","HC11; MCAF; MCP1; MCP-1; SCYA2; GDCF-2; SMC-CF; HSMCR30; MGC9434","20364004","2245","CCBP2,CCL2,CCR1,CCR10,CCR2,CCR5,CCRL1,DARC,MMP1,MMP3,MMP8,VCAN"
"CCL20","6364","CCL20 chemokine (C-C motif) ligand 20","2","CKb4; LARC; ST38; MIP3A; MIP-3a; SCYA20; CCL20","17043662","3375","CCR6,VCAN"
"CCNA2","890","CCNA2 cyclin A2","4","CCN1; CCNA; CCNA2","12073048","55562","BRCA1,BRCA2,BTG1,CDC20,CDC25C,CDC6,CDK1,CDK2,CDK3,CDKN1A,CDKN1B,CDT1,E2F1,E2F3,HERC5,HIRA,ITGB3BP,MYBL2,PGR,PTMA,RBL1,RBL2,SKP1,SKP2,TAF1,TP53,UBTF"
"CCND1","595","CCND1 cyclin D1","11","BCL1; PRAD1; U21B31; D11S287E; CCND1","14740230; 8826947; 11900573; 15863141; 18822177; 12955092; 19502783","1334","AKAP8,AR,BRCA1,CALM1,CCNDBP1,CDK4,CDK6,CDKN1A,CDKN1B,CTNNB1,CUL3,DMTF1,EP300,ESR1,GSK3B,HDAC3,HERC5,IFI27,INSM1,KAT2B,MCM10,MYBL2,NCOA1,NCOA3,NPDC1,ORC4L,PCNA,PRKACA,RB1,RBL1,RBL2,RBX1,RFC1,RUNX1,SP1,STAT3,TAF1,THRA,THRB,TSC2"
"CCNE1","898","CCNE1 cyclin E1","19","CCNE; CCNE1","14648662","14452","AR,BRCA2,CABLES1,CALM1,CCT4,CDC25A,CDK1,CDK2,CDK3,CDKN1A,COIL,CUL3,FBXW7,GSK3B,HERC5,MRE11A,MYBL2,NBN,PIN1,PRKAR1A,RBL1,RBL2,REL,SKP2,SMARCA4,SMARCC1,SMARCD3"
"CCR2","729230","chemokine (C-C motif) receptor 2","3","CKR2; CCR2A; CCR2B; CD192; CKR2A; CKR2B; CMKBR2; MCP-1-R; CC-CKR-2; FLJ78302; MGC103828; MGC111760; MGC168006","20364004","537","CCL11,CCL13,CCL16,CCL2,CCL7,CCL8,CCR5,JAK2,TPST1,TPST2"
"CD24","100133941","CD24 molecule","6","CD24A; FLJ22950; FLJ43543; MGC75043","19130400","122183","FGR,LYN,SELP"
"CD248","57124","CD248 CD248 molecule; endosialin","11","TEM1; CD164L1; MGC119478; MGC119479","17043662","10699","NA"
"CD44","960","CD44 CD44 molecule (Indian blood group)","11","IN; LHR; MC56; MDU2; MDU3; MIC4; Pgp1; CDW44; CSPG8; HCELL; HUTCH-I; ECMR-III; MGC10468; CD44","159300340","508","ANK1,ARHGEF1,ARHGEF12,CD4,CD44,CD74,COL14A1,COL1A1,COL1A2,CSK,DMP1,EGFR,EPB41,ERBB4,EZR,FGF2,FYN,GARS,HBEGF,HMMR,IGFBP3,LCK,MADCAM1,MMP1,MMP7,MMP9,NF2,PKN1,SELE,SPP1,SRGN,TGFBR1,TGFBR2,TIAM1,VAV2,VCAN"
"CD69","969","CD69 CD69 molecule","12","CLEC2C; CD69","18949382","90963","CD69"
"CDC20B","166979","CDC20B cell division cycle 20 homolog B (S. cerevisiae)","5","FLJ37927; G6VTS76519; CDC20B","17043662","65056","NA"
"CDC25B","994","CDC25B cell division cycle 25 homolog B (S. pombe)","20","CDC25B","18949382","41451","AR,AURKA,BRSK1,BRSK2,CDK1,CHEK1,CREBBP,CSNK2A1,CSNK2B,ESR1,FHL3,KAT2B,MAPK14,MELK,SFN,YWHAB,YWHAE,YWHAH,YWHAQ,YWHAZ"
"CDCP1","64866","CUB domain containing protein 1","3","CD318; TRASK; SIMA135","20372833","11276","PLG,PRKCD,SRC,ST14"
"CDH1","999","CDH1 cadherin 1; type 1; E-cadherin (epithelial)","16","UVO; CDHE; ECAD; LCAM; Arc-1; CD324; CDH1","12379748; 12569599; 15051772","20917","-,ACTR3,ANAPC7,ARVCF,CA9,CASP3,CASP8,CBLL1,CDH1,CSE1L,CSNK2A1,CTNNA1,CTNNB1,CTNND1,CTNND2,EGFR,ERBB2IP,EZR,GNA12,GNA13,GSK3B,HDAC1,HDAC2,IQGAP1,IRS1,ITGAE,ITGB7,JUP,MAD2L2,NDRG1,NEDD9,PKD1,PPP1CA,PSEN1,PTPN14,PTPRF,PTPRM,RAB8B,RRM2,VCL"
"CDH3","1001","CDH3 cadherin 3; type 1; P-cadherin (placental)","16","CDHP; HJMD; PCAD; CDH3","15051772","20425","CDH3,CTNNA1,CTNNB1,CTNND1"
"CDH6","1004","CDH6 cadherin 6; type 2; K-cadherin (fetal kidney)","5","KCAD; CDH6","159300340","21027","CDH10,CDH18,CDH19,CDH6,CDH7,CDH9"
"CDK4","1019","CDK4 cyclin-dependent kinase 4","12","CMM3; PSK-J3; MGC14458; CDK4","10682682; 9404701","55429","BAT3,BIRC5,BMPR1B,BRCA1,CAPNS1,CCND1,CCND2,CCND3,CDC37,CDC45L,CDC7,CDKN1A,CDKN1B,CDKN1C,CDKN2A,CDKN2B,CDKN2C,CDKN2D,CEBPA,CNOT7,IFI27,MCM2,MYOD1,NCOA2,NOL12,ORC3L,PPP2R1B,PRKAR1A,PSMD10,PTMA,RB1,RBL1,RFC1,RFC4,SERTAD1,SETDB1,SMAD2,SMAD3,TGFBR1,VTA1,ZNF655"
"CDKN1A","1026","CDKN1A cyclin-dependent kinase inhibitor 1A (p21; Cip1)","6","P21; CIP1; SDI1; WAF1; CAP20; CDKN1; MDA-6; p21CIP1; CDKN1A","15099969","333","AKT1,BCCIP,C1orf123,C7orf20,CASP3,CCDC85B,CCNA1,CCNA2,CCNB1,CCNB2,CCND1,CCND2,CCND3,CCNE1,CCNE2,CDC45L,CDC5L,CDC6,CDC7,CDK1,CDK14,CDK2,CDK3,CDK4,CDK6,CDKN1A,CEBPA,CIZ1,CSNK2A1,CSNK2B,DAPK3,ESR1,GADD45A,GADD45B,GADD45G,GMNN,GNB2L1,HDAC11,ITGB1BP3,MAP3K5,MAPK8,MCM10,PARP1,PCNA,PIM1,POLD2,PSMA3,RAB1A,RB1,RNF144B,SET,SLC25A11,STAT3,TEX11,TK1,TSG101,TTLL5,XRCC6"
"CDKN1B","1027","CDKN1B cyclin-dependent kinase inhibitor 1B (p27; Kip1)","12","KIP1; MEN4; CDKN4; MEN1B; P27KIP1; CDKN1B","10389625; 15188025; 14614018; 21454826","2999","ABL1,AKT1,ARHGDIA,CASP8,CCNA1,CCNA2,CCNB1,CCND1,CCND2,CCND3,CCNE2,CDK2,CDK3,CDK4,CDK5,CKS1B,COPS5,CUL4A,GRB2,KPNA3,KPNA5,LYN,MCM7,NUP50,SKP2,SPDYA,SRC,STMN1,TRAF2,TSC2,UBB,UCHL1,XPO1,YES1,YWHAB,YWHAE,YWHAG,YWHAH,YWHAQ"
"CDKN2A","1029","CDKN2A cyclin-dependent kinase inhibitor 2A (melanoma; p16; inhibits CDK4)","9","ARF; MLM; P14; P16; P19; CMM2; INK4; MTS1; TP16; CDK4I; CDKN2; INK4A; MTS-1; P14ARF; P19ARF; P16INK4; P16INK4A; P16-INK4A; CDKN2A","10682682; 18949382; 9404701","55430","AHNAK,ALS2CR8,ANKRD12,CCNG1,CDC45L,CDC5L,CDC6,CDC7,CDK4,CDK6,CDKN2A,CDKN2AIP,CDKN2C,E2F1,E4F1,EGR1,GMNN,GSPT1,HIF1A,HSP90AB1,HUWE1,KIAA1984,MCM10,MCM2,MCM5,MDM2,MYC,NCL,ORC4L,PEX19,PPP1R9B,PSMC3,RPS7,SERTAD1,SLC4A1,TBRG1,TPI1,UBE2A,WRN,ZFP91,ZNF227,ZNF410"
"CDKN3","1033","CDKN3 cyclin-dependent kinase inhibitor 3","14","KAP; CDI1; CIP2; KAP1; FLJ25787; MGC70625; CDKN3","18949382","3805","CDC25A,CDK1,CDK2,CDK3,CDKN3,CEBPA,MS4A3"
"CDR2L","30850","CDR2L cerebellar degeneration-related protein 2-like","17","HUMPPA; CDR2L","159300340","35390","NA"
"CEACAM1","634","CEACAM1 carcinoembryonic antigen-related cell adhesion molecule 1 (biliary glycoprotein)","19","BGP; BGP1; BGPI; CEACAM1","159300340; 9626043","113536","ANXA2,CD209,CEACAM1,CEACAM3,CEACAM6,CEACAM8,EGFR,FLNA,INSR,MAP3K10,PTPN11,PTPN6,PXN,SHC1,SRC"
"CEP290","80184","CEP290 centrosomal protein 290kDa","12","CT87; MKS4; POC3; rd16; BBS14; JBTS5; JBTS6; LCA10; NPHP6; SLSN6; 3H11Ag; FLJ13615; FLJ21979; KIAA0373; CEP290","15604243","77213","NA"
"CLDN1","9076","claudin 1","3","CLD1; SEMP1; ILVASC","16797678","9620","BRD4,CLDN1,CLDN3,INADL,MMP14,MMP2,MPDZ,TJP1,TJP2,TJP3,WNK4"
"CLMP","79827","CLMP CXADR-like membrane protein","11","ACAM; ASAM; FLJ22415","17043662","11705","NA"
"CMTM8","152189","CMTM8 CKLF-like MARVEL transmembrane domain containing 8","3","CKLFSF8; CKLFSF8-V2; CMTM8","18949382","12345","EGFR"
"CNR2","1269","cannabinoid receptor 2 (macrophage)","1","CB2; CX5","20133454","1389","GNA15"
"CNTF","1270","CNTF ciliary neurotrophic factor","11","HCNTF; CNTF","15604243","8288","APOE,CNTF,CNTFR,IL6R,IL6ST,LIFR"
"COL3A1","1281","COL3A1 collagen; type III; alpha 1","2","EDS4A; FLJ34534; COL3A1","18949382; 17043662","55433","CAPN1,DDR1,DDR2,FGF7,HTRA1,MAG,MYOC,PCOLCE,SPARC,THBS1"
"COL4A5","1287","COL4A5 collagen; type IV; alpha 5","X","ATS; ASLN; CA54; MGC42377; MGC167109; COL4A5","18949382","22422","APP,CD93,DCN,FBLN2,FN1,HABP2,MATN2,MMP9,OSM,RNF10,SERPINE2"
"COLEC11","78989","COLEC11 collectin sub-family member 11","2","CLK1; CL-K1-I; MGC3279; CL-K1-II; CL-K1-IIa; CL-K1-IIb; DKFZp686N1868; COLEC11","18949382","11423","NA"
"COPS2","9318","COPS2 COP9 constitutive photomorphogenic homolog subunit 2 (Arabidopsis)","15","CSN2; SGN2; ALIEN; TRIP15; COPS2","15604243","3124","COPS2,COPS3,COPS4,COPS5,COPS6,COPS7A,COPS8,CUL5,GFER,GPS1,IRF8,MAPK8,NIF3L1,NR0B1,NR2F1,RARA,RXRA,THRA,THRB,TP53"
"COX7A1","1346","COX7A1 cytochrome c oxidase subunit VIIa polypeptide 1 (muscle)","19","COX7A; COX7AH; COX7AM","17043662","48051","NA"
"CRABP2","1382","CRABP2 cellular retinoic acid binding protein 2","1","RBP6; CRABP-II; CRABP2","159300340","1415","CCND3,CRABP2"
"CREB1","1385","CREB1 cAMP responsive element binding protein 1","2","CREB; MGC9284; CREB1","15604243","3223","ABL1,AKT1,ATF1,ATM,C14orf1,CEBPB,CHD3,CREBBP,CREM,DYRK1A,EDF1,FHL5,GLI2,GSK3B,GTF2F2,HPS6,KAT5,KCNIP3,MAPK14,MAPKAPK2,NR3C1,PDX1,PRKG1,RAB1A,RECQL5,RPS6KA1,RPS6KA2,RPS6KA3,RPS6KA4,RPS6KA5,SGK1,SMARCA4,SMARCA5,SOX9,SRF,THRA,TSSK4,VIM"
"CRISPLD2","83716","CRISPLD2 cysteine-rich secretory protein LCCL domain containing 2","16","CRISP11; LCRISP2; MGC74865; DKFZp434B044","17043662","41792","NA"
"CSNK2B","1460","CSNK2B casein kinase 2; beta polypeptide","6","G5A; CK2B; CK2N; CSK2B; MGC138222; MGC138224; CSNK2B","19056846","55572","ARAF,BID,BRCA1,BTF3,CD163,CDC25B,CDC34,CDK1,CDK20,CDKN1A,CHEK1,COIL,CSNK2A1,CSNK2A2,CSNK2B,CTDP1,CTNNB1,EIF2S2,EIF5,ESR1,FAF1,FGF1,FGF2,FIBP,FKBP3,GADD45GIP1,HOXB6,IRS1,LYN,LYST,MAPK14,MBD4,MME,NCF1,NOLC1,OCLN,PIN1,PRKCZ,PRNP,RNF7,RPL41,RPL5,RPS6KB1,SHMT1,SHMT2,TOP2B,TP53,USO1,ZNF44,ZNHIT1"
"CTHRC1","115908","CTHRC1 collagen triple helix repeat containing 1","8","CTHRC1","18949382","16320","NA"
"CTNNB1","1499","CTNNB1 catenin (cadherin-associated protein); beta 1; 88kDa ","3","CTNNB; FLJ25606; FLJ37923; DKFZp686D02253; CTNNB1","12379748; 12111402; 15051772; 18949382","1434","-,ACP1,AJAP1,APC,APC2,AR,AXIN1,AXIN2,BCL3,BCL9,BCL9L,BOC,BTRC,CA9,CASP3,CASP8,CBY1,CCND1,CDC73,CDH1,CDH11,CDH15,CDH16,CDH2,CDH24,CDH3,CDH5,CDH7,CDH8,CDH9,CDK5R1,CDK6,CDON,CEBPA,CHD8,CHUK,CREBBP,CSNK1A1,CSNK1D,CSNK2A1,CSNK2B,CTNNA1,CTNNA3,CTNNBIP1,CTNND2,DLG5,DSC3,DVL1,DVL3,EGFR,EP300,ERBB2,ESR1,EZR,FER,FHL2,FLT1,FOXO1,FOXO4,FSCN1,FYN,GLIS2,GNA13,GRIK2,GRIN1,GRIN2D,GSK3B,HIF1A,HNF1A,IGF2BP1,IKBKB,IQGAP1,KDR,LEF1,LEO1,MAGI1,MAGI2,MET,MITF,MUC1,NCOA2,NDRG1,NEURL2,NF2,NFKB1,NR5A1,PECAM1,PICK1,PIK3R1,PIN1,PITX2,PKD1,PKP2,PLK1,PPM1A,PSEN1,PSEN2,PTPN1,PTPN13,PTPN14,PTPN6,PTPRF,PTPRJ,PTPRK,PTPRM,PTPRU,PTPRZ1,PYGO1,RAPGEF2,RUVBL1,RUVBL2,RXRA,SALL1,SLC9A3R1,SMAD2,SMAD3,SMAD4,SMAD7,SMARCA4,SOX1,SOX17,SPN,SRC,TAX1BP3,TBL1X,TCF3,TCF4,TCF7L1,TCF7L2,TFAP2A,TGFBR1,TGFBR2,TRIP10,USP9X,ZFYVE9"
"CTNND1","1500","CTNND1 catenin (cadherin-associated protein); delta 1","11","CAS; p120; CTNND; P120CAS; P120CTN; KIAA0384; p120(CAS); p120(CTN); CTNND1","15051772","1017","ACTA1,CDH1,CDH24,CDH3,CDH5,COL17A1,CTNND1,CTTN,EGFR,ERBB2IP,FER,GRIK2,GSK3B,JUP,MTNR1B,MUC1,PSEN1,PTPN6,PTPRJ,PTPRM,SRC,YWHAG,ZBTB33"
"CTSB","1508","CTSB cathepsin B","8","APPS; CPSB; CTSB","19110306","37550","A2M,ACAN,ADAMTSL4,ANXA2,APOE,BAT3,BGLAP,CST3,CST7,CSTA,CSTB,CTSB,CTSD,IGF1,INS,MARCKS,PLAU,REN,RGS2,S100A10,SERPINB13,SLPI,SPHK1,SPINT2,SRPX2"
"CTSD","1509","CTSD cathepsin D","11","CPSD; CLN10; MGC2311; CTSD","8664123","55616","APP,BGLAP,CCL21,CD4,CST3,CSTB,CTSB,FN1,IGF2R,IGFBP3,IGFBP4,INS,PSAP,SERPINA4,SHBG,SLC2A4,TG"
"CTSH","1512","CTSH cathepsin H ","15","CPSB; ACC-4; ACC-5; MGC1519; minichain; DKFZp686B24257; CTSH","18949382","36159","BGLAP,CSTA,CSTB,SFTPB"
"CTSW","1521","CTSW cathepsin W","11","LYPN","17043662","37471","NA"
"CXCL12","6387","CXCL12 chemokine (C-X-C motif) ligand 12","10","IRH; PBSF; SDF1; TLSF; SDF1A; SDF1B; TPAR1; SCYB12","17043662","507","CD4,CTSG,CXCL12,CXCR4,DPP4,ELANE,FN1,MMP2"
"CXCL17","284340","CXCL17 chemokine (C-X-C motif) ligand 17","19","DMC; VCC1; Dcip1; VCC-1; UNQ473; MGC138300; CXCL17","17043662","18875","NA"
"CXCL5","6374","CXCL5 chemokine (C-X-C motif) ligand 5","4","SCYB5; ENA-78; CXCL5","17043662","88672","CXCR1,CXCR2,DARC,MMP9"
"CXCL9","4283","CXCL9 chemokine (C-X-C motif) ligand 9","4","CMK; MIG; Humig; SCYB9; crg-10","17043662","1813","CCR3,CXCR3,DPP4"
"CXCR4","7852","CXCR4 chemokine (C-X-C motif) receptor 4","2","FB22; HM89; LAP3; LCR1; NPYR; WHIM; CD184; LESTR; NPY3R; NPYRL; HSY3RR; NPYY3R; D2S201E; CXCR4","19199057","20739","ADRBK2,ARRB2,CCR5,CD4,CTSG,CXCL12,CXCR4,DPP4,ELANE,GNA13,GNAI1,HSPA8,JAK1,JAK2,JAK3,MYH9,PTK2,PTPN11,PTPN6,PTPRC,SDC4,SOCS1,SOCS3,STAT1,STAT2,STAT3,STAT5B,VAV1"
"CYP17A1","1586","CYP17A1 cytochrome P450; family 17; subfamily A; polypeptide 1","10","CPT7; CYP17; S17AH; P450C17; CYP17A1","20886547; 11358812","73875","CYB5A,POR"
"CYP19A1","1588","CYP19A1 cytochrome P450; family 19; subfamily A; polypeptide 1","15","ARO; ARO1; CPV1; CYAR; CYP19; MGC104309; P-450AROM; CYP19A1","11358812","30955","FANCG"
"CYP1A1","1543","CYP1A1 cytochrome P450; family 1; subfamily A; polypeptide 1","15","AHH; AHRR; CP11; CYP1; P1-450; P450-C; P450DX; CYP1A1","18318428; 9155064; 9450474; 14656940; 12873984; 19690133 ","68062","CYB5A"
"CYP1B1","1545","CYP1B1 cytochrome P450; family 1; subfamily B; polypeptide 1","2","CP1B; GLC3A; P4501B1; CYP1B1","159300340","68035","NA"
"CYP39A1","51302","CYP39A1 cytochrome P450; family 39; subfamily A; polypeptide 1","6","CYP39A1","18949382","9580","NA"
"CYP3A7","1551","CYP3A7 cytochrome P450; family 3; subfamily A; polypeptide 7","7","CP37; P450-HFLA; CYP3A7","159300340","121493","NA"
"CYP4X1","260293","CYP4X1 cytochrome P450; family 4; subfamily X; polypeptide 1","1","CYPIVX1; MGC40051; CYP4X1","15471875","75853","NA"
"CYR61","3491","CYR61 cysteine-rich; angiogenic inducer; 61","1","CCN1; GIG1; IGFBP10; CYR61","18404674","1194","ITGAV,ITGB5"
"DAB2IP","153090","DAB2IP DAB2 interacting protein","9","AIP1; AF9Q34; DIP1/2; FLJ39072; KIAA1743; DAB2IP","19502783","13058","DAB1,MAP3K5"
"DACH1","1602","dachshund homolog 1 (Drosophila)","13","DACH; FLJ10138","17507620","7288","CREBBP,EYA1,EYA3,NAGK,NCOR1,SIN3A,SIX1,SMAD3,SMAD4,UBE2I"
"DARS","1615","DARS aspartyl-tRNA synthetase","2","MGC111579; DKFZp781B11202; DARS","17704737","1032","AIMP2,EEF1A1"
"DDR1","780","discoidin domain receptor tyrosine kinase 1","6","CAK; DDR; NEP; HGK2; PTK3; RTK6; TRKE; CD167; EDDR1; MCK10; NTRK4; PTK3A","159300340","68212","BEND5,COL11A1,COL2A1,COL3A1,COL5A2,DDR1,FRS2,NCK2,PLCG1,PTPN11,RGS2,SHC1,SNAPIN,SNRNP40,TM4SF1,TTR"
"DEPDC1","55635","DEPDC1 DEP domain containing 1","1","DEP.8; SDP35; DEPDC1A; FLJ20354; DEPDC1-V2; DEPDC1","18949382","9834","NA"
"DHX16","8449","DHX16 DEAH (Asp-Glu-Ala-His) box polypeptide 16","6","DBP2; PRP8; Prp2; DDX16; PRPF2; PRO2014; DHX16","17043662","2658","COIL,MEGF10"
"DKK4","27121","DKK4 dickkopf homolog 4 (Xenopus laevis)","8","DKK-4; MGC129562; MGC129563; DKK4","18949382","8680","NA"
"DLX5","1749","DLX5 distal-less homeobox 5","7","DLX5","15604243","3825","MAGED1,MSX2,NCOA2,SOX10,SOX8,SPEN"
"DNAJA2","10294","DNAJA2 DnaJ (Hsp40) homolog; subfamily A; member 2","16","DJ3; CPR3; DJA2; DNAJ; DNJ3; RDJ2; HIRIP4; PRO3015; DNAJA2","159300340","21193","HSPA1A"
"DNMT1","1786","DNMT1 DNA (cytosine-5-)-methyltransferase 1","19","AIM; DNMT; MCMT; CXXC9; FLJ16293; MGC104992; DNMT1","17043662","124344","CBX1,DAXX,DMAP1,DNMT1,DNMT3A,DNMT3B,DYNLL1,EED,EZH2,HDAC1,HDAC2,HMGB1,PCNA,RB1,SUV39H1,TRIM27,TSG101"
"DPP6","1804","DPP6 dipeptidyl-peptidase 6","7","VF2; DPPX; FLJ55680; MGC46605","17043662","22560","PRNP"
"ECM2","1842","ECM2 extracellular matrix protein 2; female organ and adipocyte specific","9","MGC126355; MGC126356","17043662","1064","NA"
"EDNRB","1910","EDNRB endothelin receptor type B","13","ETB; ET-B; ETBR; ETRB; HSCR; WS4A; ABCDS; ET-BR; HSCR2","17043662","89","CAV1,EDN1,EDN3,GNA11,GNA13,GRK6,NOS3"
"EFEMP1","2202","EFEMP1 EGF containing fibulin-like extracellular matrix protein 1","2","DHRD; DRAD; FBNL; MLVT; MTLV; S1-5; FBLN3; FLJ35535; MGC111353","17043662","3028","ARAF,ATN1,GFI1B,RAF1,RERE,SGTA,TIMP3"
"EFHA2","286097","EFHA2 EF-hand domain family; member A2","8","DKFZp313A0139","17108150","15058","NA"
"EFNB2","1948","EFNB2 ephrin-B2 ","13","HTKL; EPLG5; Htk-L; LERK5; MGC126226; MGC126227; MGC126228; EFNB2","17043662","3019","DLG4,EFNB2,EPHA3,EPHA4,EPHB1,EPHB2,EPHB4,EPHB6,GRIP1,GRM1,GRM5,HOMER1,NCK2,PDZRN3,PECAM1,PICK1,PSEN1,PTPN13,RGS3,RHBDL2,SDCBP,SRC"
"EFS","10278","EFS embryonal Fyn-associated substrate","14","SIN; CAS3; EFS1; EFS2; HEFS; CASS3","18006148","4284","BCAR1,PTK2,PTK2B,PTPN12,SH2D3C,SORBS3,TRAPPC6A"
"EGF","1950","EGF epidermal growth factor ","4","URG; HOMG4; EGF","159300340; 18949382; 17549377; 8104681","1483","ADAM12,ADRBK1,CPM,DUSP3,EGF,EGFR,ERBB2,ERBB3,GRB2,LMNA,NRG1,PIK3R2,VTN"
"EGFL6","25975","EGFL6 EGF-like-domain; multiple 6","X","W80; MAEG; DKFZp564P2063; EGFL6","159300340; 18949382","9166","SH3GL2,SH3GL3"
"EGFR","1956","EGFR epidermal growth factor receptor ","7","ERBB; HER1; mENA; ERBB1; PIG61; EGFR","17549377; 8104681","74545","ACTA1,ADRBK1,AGTR1,ALCAM,AMH,ANXA1,AR,AREG,ARF4,ATP1A1,ATP1B1,ATP5C1,BTC,CALM1,CALM2,CALM3,CAMK2A,CAMK2G,CAMLG,CASP1,CAV1,CAV2,CAV3,CBL,CBLB,CBLC,CD44,CD82,CDC25A,CDH1,CEACAM1,CEBPB,CLTA,CLTCL1,CMTM8,CRK,CTNNB1,CTNND1,DCN,DEGS1,DOK2,EGF,EGFR,ELF3,EPB41,EPHA2,EPPK1,EPS15,EPS8,ERBB2,ERBB3,ERBB4,EREG,ERRFI1,ESR1,EZR,FAS,FER,GAB1,GAPDH,GNAI2,GRB10,GRB14,GRB2,GRB7,HBEGF,HGS,HIST3H3,HOXC10,HTT,ICAM1,INPPL1,ITGA5,JAK2,KRT17,KRT18,KRT7,KRT8,LYN,MAP2K1,MAP3K14,MAP4K1,MAPK1,MET,MT-CO2,MUC1,NCK1,NCK2,PAK1,PDCD6IP,PDGFRB,PIK3C2A,PIK3C2B,PIK3R1,PIK3R2,PITPNA,PKIA,PLCG1,PLD1,PLD2,PLEC1,PLSCR1,PRKACA,PRKAR1A,PRKCA,PRKCD,PRKD1,PTK2,PTK2B,PTK6,PTPN1,PTPN11,PTPN2,PTPN6,PTPRJ,PTPRS,RASA1,RGS16,RIPK1,S100A7,S100A9,SCAMP1,SCAMP3,SEC13,SFN,SGSM2,SH2D3A,SH3BGRL3,SHC1,SHC3,SLC3A2,SLC9A3R1,SNRPD2,SNX1,SNX2,SNX4,SNX6,SOCS1,SOCS3,SOCS5,SOCS7,SOS1,SOS2,SRC,STAM2,STAT1,STAT3,STAT5A,STAT5B,TGFA,TJP1,TNC,TNK2,TUBA1A,TUBA4A,UBB,VAV1,VAV2,VAV3,XRCC6,YWHAZ,ZNF259"
"EHD2","30846","EHD2 EH-domain containing 2","19","PAST2; FLJ96617","17043662","22825","AP1M1,AP2M1,EHBP1,EHD2,PICALM,SLC2A4"
"EIF4EBP1","1978","EIF4EBP1 eukaryotic translation initiation factor 4E binding protein 1","8","BP-1; 4EBP1; 4E-BP1; PHAS-I; MGC4316; EIF4EBP1","18949382","3021","AKT1,ATM,BUB1,CHTF8,CSNK2A1,CSNK2A2,EIF4E,EIF4E2,MAPK1,MAPK14,MAPKAPK5,MTOR,MVD,PPP2CA,RHEBL1,RORC,RPS6KA5,RPS6KB1,RPTOR"
"ELF1","1997","E74-like factor 1 (ets domain transcription factor)","13","-","12798703","7303","HMGA1,HOXC13,NFKB1,NFYB,RB1,REL,SP1"
"ELF5","2001","ELF5 E74-like factor 5 (ets domain transcription factor)","11","ESE2; ELF5","159300340","7702","RPS15A,SIRT6,UBQLN4"
"EMILIN1","11117","EMILIN1 elastin microfibril interfacer 1","2","EMI; gp115; EMILIN; DKFZp586M121","17043662","5117","EMILIN1,EMILIN2,MTMR9,NMI"
"EMP2","2013","EMP2 epithelial membrane protein 2","16","XMP; MGC9056; EMP2","20578181","1089","NA"
"ENOSF1","55556","ENOSF1 enolase superfamily member 1","18","RTS; TYMSAS; HSRTSBETA; ENOSF1","19190136","9703","NA"
"ENSA","2029","ENSA endosulfine alpha","1","MGC4319; MGC8394; ARPP-19e; MGC78563; ENSA","18949382","37924","ABCC8,ARIH2,ENO2,KCTD15"
"EPDR1","54749","EPDR1 ependymin related protein 1","7","EPDR; UCC1; MERP1; MERP-1; EPDR1","18949382","9714","UBQLN4"
"EPHB2","2048","EPHB2 EPH receptor B2","1","DRT; EK5; ERK; CAPB; Hek5; PCBC; EPHT3; Tyro5; MGC87492; EPHB2","159300340","37925","ABL1,ABL2,ACP1,AQP1,ARHGEF6,EFNA5,EFNB1,EFNB2,EPHB2,ERF,FOS,GRB2,GRIN1,GRIN2B,ITSN1,KALRN,KSR1,MLLT4,MMP2,MMP9,NCK1,PICK1,PTK2,RASA1,RRAS,RYK,SDC2,SDCBP,SH2D3C,SRC,SYNJ1,VAV2,VEGFA"
"EPHB4","2050","EPHB4 EPH receptor B4","7","HTK; MYK1; TYRO11; EPHB4","12562648; 17108150 ","20939","EFNB2,GRIN1,SDC3"
"EPPK1","83481","EPPK1 epiplakin 1","8","EPIPL; EPIPL1; EPPK1","17043662","20006","EGFR"
"ERBB2","2064","ERBB2 v-erb-b2 erythroblastic leukemia viral oncogene homolog 2; neuro/glioblastoma derived oncogene","17","NEU; NGL; HER2; TKR1; CD340; HER-2; MLN 19; HER-2/neu; ERBB2","17549377; 16710036; 8104681","3273","ACPP,BTC,CAV1,CD82,CTNNB1,DLG4,EGF,EGFR,ERBB2,ERBB2IP,ERBB3,ERBB4,ERRFI1,ESR1,GRB2,GRB7,HLA-A,HSP90AA1,HSP90B1,IL6ST,ITGA5,ITGB4,JAK2,JUP,MATK,MUC1,MUC4,NF2,PAK1,PICK1,PIK3C2A,PIK3C2B,PIK3R1,PIK3R2,PLCG1,PTK2,PTK2B,PTPN11,PTPN18,SERPINA3,SH3BGRL3,SHC1,SOS1,SRC,STUB1,TGFA,TOB1,UBB"
"ERO1L","30001","ERO1L ERO1-like (S. cerevisiae)","14","ERO1A; ERO1-alpha; ERO1L","15604243","49392","ERO1L,ERP44,P4HB,PDIA3,PDILT"
"ESM1","11082","SM1 endothelial cell-specific molecule 1","5","endocan; ESM1","18949382","5107","ITGB2"
"ESPN","83715","ESPN espin","1","DFNB36; LP2654; DKFZp434A196; DKFZp434G2126; ESPN","17043662","23164","BAIAP2"
"ESR1","2099","ESR1 estrogen receptor 1","6","ER; ESR; Era; ESRA; NR3A1; DKFZp686N23123; ESR1","19438492; 21272446; 12962933; 18990228; 12270131; 8104681","47906","AHR,AKAP13,AKT1,AKT2,AR,ARHGEF15,ARNT,ATAD2,BAG1,BCAR1,BCAS2,BDNF,BRCA1,CALM1,CALM2,CALM3,CAV1,CCND1,CCNH,CCNT1,CDC25B,CDK7,CDKN1A,CEBPB,CHD9,CHUK,CITED1,COBRA1,COPS5,CREBBP,CSNK2B,CTNNB1,CUEDC2,CUL4B,DDX5,DDX54,DNTTIP2,DUT,EGFR,EIF3I,EP300,ERBB2,ESR1,ESR2,ESRRA,FHL2,FLII,FOXO1,FOXO3,FOXO4,GADD45B,GADD45G,GNAI1,GRB2,GTF2B,GTF2H1,HEXIM1,HNF4A,HSP90AA1,HSP90AB1,HSPA4,IGF1R,ISL1,ITGB3BP,JUN,JUNB,JUND,KAT5,KDM5A,KIF1A,LCK,LDB1,LOH3CR2A,MAPK1,MAPK14,MAPK3,MDM2,MED1,MED24,MKNK2,MLL2,MMS19,MNAT1,MPG,MTA1,MTCH2,MVP,NCOA1,NCOA2,NCOA3,NCOA6,NCOA7,NCOR1,NCOR2,NFKB1,NPPA,NR0B1,NR0B2,NR1H4,NR2C1,NR2C2,NR2F1,NR2F6,NRIP1,NSD1,PAK1,PAK6,PELP1,PGR,PHB2,PIAS1,PIAS3,PIK3R1,PIK3R3,PNRC2,POLR1B,POLR2D,POU2F1,POU4F1,POU4F2,PPARGC1A,PPARGC1B,PRDM2,PRKACA,PRMT1,PRMT2,PRPF6,PSMC5,PTGES3,PTPN1,PTPN6,RARA,RBM23,RBM39,RBM9,RELA,REXO4,RFX4,RGS3,RLIM,RNF14,RNF4,RPS6KA1,RPS6KA3,RXRA,SAFB,SAFB2,SHC1,SLC30A9,SMAD2,SMAD3,SMAD4,SMARCA2,SMARCA4,SMARCD3,SMARCE1,SOS1,SP1,SP3,SRC,SREBF1,STAT5A,STRN,STUB1,TAF10,TAP1,TBP,TCF20,TDG,THRA,THRB,TNFRSF14,TP53,TRIM24,TRIM28,TRIM59,TRIP4,TRRAP,TSC2,TUBA1B,TUBB,UBE2I,USF1,WIPI1,XBP1,YWHAH,ZBTB16,ZBTB17,ZNF398"
"ESR2","2100","ESR2 estrogen receptor 2 (ER beta) ","14","Erb; ESRB; ESTRB; NR3A2; ER-BETA; ESR-BETA; ESR2","19438492","1100","AKAP13,AKT1,BCAS2,CALM1,CALM2,CALM3,DDX54,DNTTIP2,ESR1,ESR2,LCK,MAD2L1,MAPK11,MED1,MKNK2,MMS19,NCOA1,NCOA3,NCOA6,NCOA7,NCOR1,NCOR2,NR0B1,NR0B2,NRIP1,OXT,PELP1,PIAS1,PIAS3,PNRC1,PNRC2,PPARGC1A,PRMT2,PSMC3IP,RBM39,RBM9,REXO4,SMAD2,SMAD3,SMAD4,SMARCE1,SP1,SRC,SREBF1,STAT5A,TRIM24,TRIM59,WIPI1,YWHAH,ZBTB17"
"ETS1","2113","v-ets erythroblastosis virus E26 oncogene homolog 1 (avian)","11","ETS-1; EWSR2; FLJ10768","12377649","3837","CAMK2A,CAMK2B,CREBBP,DAXX,EP300,ETS1,ETS2,FOS,GATA3,HTATIP2,JUN,MAF,MAPK1,MAPK3,MAPK7,MEIS1,NCOR1,NFKB1,NR3C1,PAX5,POU1F1,RBBP6,RUNX2,SMAD3,SP1,SP100,SRC,STAT5B,STAT6,TTRAP,UBE2I"
"ETV5","2119","ETV5 ets variant 5","3","ERM; ETV5","15604243","3276","AR"
"F10","2159","F10 coagulation factor X","13","FX; FXA","17043662","30976","APOH,EPR1,F10,F3,F5,F7,F8,GAD2,GGCX,HIST1H1C,MGST3,PLAT,PLG,PRKAB1,PROS1,SERPINA10,SERPINA5,SERPINB6,SERPINB8,TFPI"
"F13A1","2162","F13A1 coagulation factor XIII; A1 polypeptide ","6","F13A; F13A1","18949382","20077","F13A1,F13B,F2,FGA,FGG,FN1,SERPINF2"
"FAM20A","54757","FAM20A family with sequence similarity 20; member A","17","FP2747; DKFZp434F2322; FAM20A","159300340","9719","NA"
"FAM46C","54855","FAM46C family with sequence similarity 46; member C","1","FLJ20202","17043662","56783","AP2B1,DAZAP2,PLK4,TRIP6"
"FAM65C","140876","FAM65C family with sequence similarity 65; member C","20","FLJ00360; FLJ32230; C20orf175; dJ530I15.2","17043662","15438","NA"
"FAM89B","23625","FAM89B family with sequence similarity 89; member B","11","MTVR1; FAM89B","15604243","18749","NA"
"FAS","355","FAS Fas (TNF receptor superfamily; member 6)","10","APT1; CD95; FAS1; APO-1; FASTM; ALPS1A; TNFRSF6; FAS","10817504","27","ANK3,APAF1,BTK,C14orf1,C1orf103,CALM1,CASP8,CASP8AP2,CD47,CRMP1,DAXX,EEF1A1,EGFR,EZR,FADD,FAF1,FAIM2,FAS,FASLG,FBF1,FEM1B,FYN,HIPK3,LCK,MET,PDCD6,PRKCA,PTPN13,PTPN6,RAP1A,RIPK1,SUMO1,TNFSF13,TRADD,UBA7,UBE2I"
"FBN1","2200","FBN1 fibrillin 1","15","FBN; SGS; WMS; MASS; MFS1; OCTD; SSKS","17043662","30958","CALR,DCN,ELN,FBLN2,FBN2,HSPG2,LTBP1,MFAP2,MFAP5,MYOC,VCAN"
"FBXO32","114907","FBXO32 F-box protein 32","8","Fbx32; MAFbx; FLJ32424; MGC33610","17043662","12182","SKP1"
"FBXW7","55294","FBXW7 F-box and WD repeat domain containing 7","4","AGO; CDC4; FBW6; FBW7; FBX30; FBXW6; SEL10; FBXO30; SEL-10; FLJ16457; DKFZp686F23254; FBXW7","12183400; 14648662","117451","ARL6IP1,C6orf167,CCNE1,CUL1,FAM101A,HEY1,HIPK2,JUN,KIAA1875,LINGO1,MYB,MYC,NOTCH1,NOTCH4,PARK2,PPARGC1A,PSEN1,SHPRH,SKP1,SUMF2"
"FGF2","2247","FGF2 fibroblast growth factor 2 (basic)","4","BFGF; FGFB; HBGF-2; FGF2","18006148","1521","API5,CASP1,CD44,CEP57,CSNK2A1,CSNK2A2,CSNK2B,CXCL13,FGF2,FGFBP1,FGFR1,FGFR3,FGFR4,FGFRL1,GPC3,GPC4,HSPG2,NRP1,PF4,PRMT1,PTX3,RPL6,RPS19,RPS6KA3,SDC1,SDC2,SDC3,VTN"
"FGFR1","14182","Fgfr1 fibroblast growth factor receptor 1","8","FLG; Hspy; Flt-2; Fgfr-1; AW208770; Fgfr1","159300340","69065","BNIP2,CREBBP,CRK,EPHA4,FDPS,FGF1,FGF17,FGF18,FGF2,FGF3,FGF4,FGF5,FGF6,FGF7,FGF8,FGF9,FGFR1,FLRT3,FRS2,FRS3,GRB14,GRB2,IL17RD,KPNB1,MMP2,NCAM1,NCK2,NRP1,PIK3R1,PIK3R2,PLCG1,RPS6KA1,RTN3,SH3BP2,SHC1,SLA,SOS1,TENC1"
"FHIT","2272","fragile histidine triad gene","3","FRA3B; AP3Aase","10652418","21661","FDXR,FHIT,GSN,HSPD1,SRC,UBE2I"
"FLRT2","23768","FLRT2 fibronectin leucine rich transmembrane protein 2","14","KIAA0405","17043662","8291","NA"
"FOLH1","2346","FOLH1 folate hydrolase (prostate-specific membrane antigen) 1","11","PSM; FGCP; FOLH; GCP2; PSMA; mGCP; GCPII; NAALAD1; NAALAdase; FOLH1","18349274","121694","NA"
"FOXA1","3169","FOXA1 forkhead box A1","14","HNF3A; TCF3A; MGC33105; FOXA1","17043662","3307","AR,HIST3H3"
"FOXA2","3170","FOXA2 forkhead box A2","20","HNF3B; TCF3B; MGC19807; FOXA2","159300340","7762","EN2,GSC,HOXA5,MIP,NCOA1,ONECUT1,OTX2,TLE1"
"FOXC1","2296","FOXC1 forkhead box C1","6","ARA; IGDA; IHG1; FKHL7; IRID1; RIEG3; FREAC3; FREAC-3; FOXC1","17043662","20373","HMGB1"
"FOXL2","668","FOXL2 forkhead box L2","3","BPES; PFRK; POF3; BPES1; PINTO","17043662","74992","PAK1"
"FUCA1","2517","FUCA1 fucosidase; alpha-L- 1; tissue","1","FUCA; FUCA1","15604243","20078","NA"
"GAD1","2571","GAD1 glutamate decarboxylase 1 (brain; 67kDa) ","2","GAD; SCP; FLJ45882; GAD1","159300340","635","GAD2,HAAO,PPP2CA,PPP2CB,PRKCE"
"GADD45G","10912","GADD45G growth arrest and DNA-damage-inducible; gamma","9","CR6; DDIT2; GRP17; GADD45gamma","17043662","21334","C1orf103,C7orf64,CCNB1,CDK1,CDKN1A,EEF1A1,EEF1G,ESR1,GADD45B,GADD45GIP1,GDF9,HAP1,KAT5,LUC7L,LUC7L2,MAP3K4,MED31,PCNA,PIAS4,PPARA,PPARD,PPARG,PTN,PTPRK,RAN,RARA,RWDD2B,RXRA,TSNAX,UTP14A"
"GAS6","2621","GAS6 growth arrest-specific 6","13","AXSF; AXLLG; FLJ34709; DKFZp666G247","17043662","638","AXL,MERTK,TYRO3"
"GCNT3","9245","GCNT3 glucosaminyl (N-acetyl) transferase 3; mucin type","15","GNTM; C24GNT; C2GNT2; C2GNTM; C2/4GnT; GCNT3","159300340","20993","NA"
"GLT8D2","83468","GLT8D2 glycosyltransferase 8 domain containing 2","12","FLJ31494","17043662","41826","NA"
"GLTP","51228","GLTP glycolipid transfer protein","12","GLTP","18949382","4113","NA"
"GNLY","10578","GNLY granulysin","2","519; LAG2; NKG5; LAG-2; D2S69E; TLA519","17043662","117711","NA"
"GP2","2813","GP2 glycoprotein 2 (zymogen granule membrane)","16","ZAP75; DKFZp779K0533; GP2","15604243","114817","AMY2A,ANXA4,GP2"
"GPR133","283383","GPR133 G protein-coupled receptor 133","12","PGR25; FLJ16770; MGC138512; MGC138514; DKFZp434B1272","17043662","34616","NA"
"GSTP1","2950","GSTP1 glutathione S-transferase pi 1","11","PI; DFN7; GST3; GSTP; FAEES3; GSTP1","15681469; 15837751","660","FANCC,GSTP1,MAPK8,PNO1,PTN,SUMO4,TGM2,TRAF2"
"GZMA","3001","GP2 glycoprotein 2 (zymogen granule membrane)","16","ZAP75; DKFZp779K0533; GP2","15604243","114817","APEX1,GZMA,HMGB2,LMNB1,NCL,SET"
"HDAC2","3066","HDAC2 histone deacetylase 2 ","6","HD2; RPD3; YAF1; HDAC2","20178884","68187","-,ANTXR1,ARID4A,BRCA1,BRMS1,BRMS1L,BUB3,CDC20,CDH1,CDYL,CIR1,CSNK2A1,CSNK2A2,CTBP1,DAXX,DDX20,DMAP1,DNMT1,DNMT3B,EED,EID2,FKBP3,HDAC1,HDAC10,HIF1AN,HOPX,IFRD1,IKZF1,IKZF4,ING1,MAD1L1,MBD2,MTA1,MXD1,NRIP1,PA2G4,PHB2,PHF21A,PML,PPARD,PPP1R8,PTMA,RBBP4,RBBP7,RBP1,RCOR1,RELA,RFX5,RUNX3,SALL1,SAP30,SETDB1,SIN3A,SMARCA5,SMYD1,SNW1,SP1,SP3,SPEN,STAT3,SUV39H1,THRA,THRB,TOP2A,TP53,YY1"
"HGD","3081","HGD homogentisate 1;2-dioxygenase","3","AKU; HGO; FLJ94126; HGD","159300340","156","HGD"
"HIF1A","3091","hypoxia inducible factor 1; alpha subunit (basic helix-loop-helix transcription factor)","14","HIF1; MOP1; PASD8; bHLHe78; HIF-1alpha; HIF1-ALPHA","12209691","1171","APEX1,AR,ARNT,ARNT2,ARNTL,CDKN2A,CITED2,COPS5,CREBBP,CSNK2A1,CTNNB1,DAP3,EGLN1,EGLN2,EGLN3,EP300,HDAC1,HIF1AN,HIF3A,HSP90AA1,JUN,MAPK3,MAX,MDM2,MTA1,NAA10,NAA11,NCOA1,NCOA2,NDN,NR4A1,OS9,PER1,PGK1,PSMA7,RWDD3,SEPT9,SP1,SSX4,STAT3,TP53,TSGA10,VHL,VHLL"
"HKDC1","80201","HKDC1 hexokinase domain containing 1","10","FLJ22761; FLJ37767; MGC125688; HKDC1","18949382","56070","NA"
"HMGB1","3146","HMGB1 high mobility group box 1","13","HMG1; HMG3; SBP-1; DKFZp686A04236; HMGB1","18949382","110676","AES,AGER,AR,ATOH1,C14orf1,C1orf103,CASP3,CEBPB,CRMP1,CSNK1A1,CTCF,CUX1,DNMT1,ERF,FOXA3,FOXC1,HES1,HNRNPK,HOXD9,HR,IRF2,MECP2,MNT,NCAN,NEUROD6,NFKB1,PLAT,PLG,POU5F1,PPP2R3A,PRKCA,PRKDC,RAG1,RASSF4,RB1,RBPJ,RELA,RFX1,SIX5,SOX18,TAF1,TBP,TFE3,TGIF1,TLE1,TLE2,TLR2,TLR4,TP53,TP73,UNC119,ZFP36"
"HOXA10","3206","HOXA10 homeobox A10","7","PL; HOX1; HOX1H; HOX1.8; MGC12859; HOXA10","16424022; 15627890","7365","CREBBP,EP300,FOXO1,GMNN,HOXA10,MEIS1,PBX1,PTPN6,SIRT2,SPI1"
"HOXA11","3207","HOXA11 homeobox A11","7","HOX1; HOX1I; HOXA11","12796396","4033","CREBBP,GMNN,MEIS1"
"HP","3240","HP haptoglobin","16","BP; HPA1S; HP2ALPHA2; MGC111141","17043662","121756","ADAMTS4,C1RL,CD163,CD22,HBB,ITGAM,ITGB2"
"HSPA8","3312","HSPA8 heat shock 70kDa protein 8","11","LAP1; HSC54; HSC70; HSC71; HSP71; HSP73; NIP71; HSPA10; MGC29929; MGC131511; HSPA8","18949382","68524","ABI1,ALDOB,APOB,BAG1,BAG2,BAG3,BAT3,C4orf14,CCT3,CD40,CITED1,CLTA,COL7A1,CXCR4,CYCS,DNAJA1,DNAJA3,DPP3,DYNLL1,ERH,FBP1,GAK,GCH1,GOT2,HDAC3,HSF1,HSP90AA1,HSPA1A,HSPA8,HSPBP1,HSPH1,JAK2,MAPT,PHC1,PPID,RAF1,RB1,REL,RGS2,SP1,STMN1,STUB1,SUMO4,TADA3,TCERG1,TM4SF1,TSSK6,UBC,UCHL1,YWHAG,YWHAQ"
"HTR1B","3351","HTR1B 5-hydroxytryptamine (serotonin) receptor 1B","6","S12; 5-HT1B; HTR1D2; HTR1DB; 5-HT1DB; HTR1B","15604243","669","HTR1A,HTR1B,HTR1D"
"HTRA1","5654","HTRA1 HtrA serine peptidase 1","10","L56; HtrA; ARMD7; ORF480; PRSS11; HTRA1","19424634; 16650464","31114","BMP4,CAST,CDYL,COL1A1,COL2A1,COL3A1,COX5A,FAM46A,FCHSD2,GDF5,GOLGA2,LRP10,PARD6B"
"HTRA2","27429","HTRA2 HtrA serine peptidase 2","2","OMI; PARK13; PRSS25; HTRA2","19424634","113300","APP,BIRC2,BIRC3,BIRC6,BIRC7,CSN1S1,CSN2,DIABLO,MAPK14,PAG1,PEA15,USP7,XIAP"
"HTRA3","94031","HTRA3 HtrA serine peptidase 3","4","Prsp; Tasp; HTRA3","19424634; 16650464","12697","NA"
"HYAL1","3373","HYAL1 hyaluronoglucosaminidase 1","3","NAT6; LUCA1; HYAL-1; MGC45987; HYAL1","20875124","5277","NA"
"HYAL2","8692","HYAL2 hyaluronoglucosaminidase 2","3","LUCA2; HYAL2","20875124","7776","MST1R"
"ID4","3400","ID4 inhibitor of DNA binding 4; dominant negative helix-loop-helix protein","6","IDB4; bHLHb27; ID4","18949382","1186","HES1,ID3,MYOD1,TCF4"
"IFIT4","3437","IFIT3 interferon-induced protein with tetratricopeptide repeats 3","10","IRG2; IFI60; IFIT4; ISG60; RIG-G; CIG-49; GARG-49; IFIT3","18949382","1189","NA"
"IGF1","3479","IGF1 insulin-like growth factor 1 (somatomedin C)","12","IGFI; IGF-I; IGF1A; IGF1","18006148; 15066926; 9279518","515","CTSB,IDE,IGF1R,IGFALS,IGFBP1,IGFBP2,IGFBP3,IGFBP4,IGFBP5,IGFBP6,IGFBP7,IGSF1,NOV,WISP2"
"IGF2","3481","IGF2 insulin-like growth factor 2 (somatomedin A)","11","IGF-II; PP9974; C11orf43; FLJ22066; FLJ44734; IGF2","15066926; 159300340 ","510","GPC3,IDE,IGF1R,IGF2R,IGFBP1,IGFBP2,IGFBP3,IGFBP4,IGFBP5,IGFBP6,IGFBP7,INSR,NOV,PCSK4,PLG,VTN,WISP2"
"IGF2BP2","10644","IGF2BP2 insulin-like growth factor 2 mRNA binding protein 2","3","p62; IMP2; IMP-2; VICKZ2; IGF2BP2","159300340","4774","HNRNPD"
"IGF2BP3","10643","IGF2BP3 insulin-like growth factor 2 mRNA binding protein 3","7","CT98; IMP3; KOC1; IMP-3; VICKZ3; DKFZp686F1078; IGF2BP3","159300340","4773","NA"
"IGFBP1","3484","IGFBP1 insulin-like growth factor binding protein 1","7","AFBP; IBP1; PP12; IGF-BP25; hIGFBP-1; IGFBP1","9279518","498","IGF1,IGF2,MMP26,TF"
"IGFBP3","3486","IGFBP3 insulin-like growth factor binding protein 3","7","IBP3; BP-53; IGFBP3","15066926","500","-,ADAM12,CAV1,CD44,COL1A1,CSNK2A1,CTSD,CTSG,CTSL1,F2,FN1,GPI,GTF3C1,IGF1,IGF1R,IGF2,IGFALS,KLK3,KLKB1,KPNB1,LTBP1,MMP1,MMP2,MMP3,PAPPA2,PLG,POLA2,RXRA,TF"
"IGFBP6","3489","IGFBP6 insulin-like growth factor binding protein 6","12","IBP6","17043662","1641","IGF1,IGF2,TF,UBQLN4"
"IGJ","3512","IGJ immunoglobulin J polypeptide; linker protein for immunoglobulin alpha and mu polypeptides","4","JCH; IGCJ","17043662","16958","CD79A,IGHM"
"IL11","3589","IL11 interleukin 11","19","AGIF; IL-11; IL11","20553623","535","IL11RA,MAGEA11"
"IL20RA","53832","IL20RA interleukin 20 receptor; alpha","6","IL-20R1; ZCYTOR7; FLJ40993; IL20RA","159300340","8685","IL19,IL20,IL20RA,IL24"
"IL8","3576","interleukin 8","4","NAF; GCP1; LECT; LUCT; NAP1; CXCL8; GCP-1; LYNAP; MDNCF; MONAP; NAP-1","11996475","47937","CCL4,CTSL1,CXCR1,CXCR2,DARC,GNAI2,IL12A,IL8,MMP9,PF4,SDC1,WASF1"
"INPP5F","22876","INPP5F inositol polyphosphate-5-phosphatase F","10","SAC2; hSAC2; MSTP007; MSTPO47; FLJ13081; KIAA0966; MGC59773; MGC131851; INPP5F","18949382","8962","NA"
"IP6K1","9807","IP6K1 inositol hexakisphosphate kinase 1","3","PiUS; IHPK1; MGC9925; IP6K1","15604243","56602","EXOSC7"
"ITGAV","3685","ITGAV integrin; alpha V (vitronectin receptor; alpha polypeptide; antigen CD51)","2","CD51; MSK8; VNRA; DKFZp686A08142; ITGAV             ","18949382","20510","ADAM9,ANGPTL3,AUP1,AZGP1,CALR,CD47,CYR61,EDIL3,F2R,ICAM4,ITGB1,ITGB3,ITGB5,ITGB6,ITGB8,L1CAM,MMP14,MMP2,NID1,P2RY2,PAK4,PDGFRA,PLP1,PTK2,SPP1,TGFB1,THY1"
"ITPKC","80271","ITPKC inositol-trisphosphate 3-kinase C","19","IP3KC; IP3-3KC; ITPKC","15604243","11868","NA"
"JPH4","84502","JPH4 junctophilin 4","14","JP4; JPHL1; FLJ34253; KIAA1831","17043662","13034","NA"
"KANK4","163782","KANK4 KN motif and ankyrin repeat domains 4","1","ANKRD38; FLJ10884; KIAA0172; dJ1078M7.1; RP5-1155K23.5; KANK4","17043662","18244","NA"
"KIAA1324","57535","KIAA1324 KIAA1324","1","EIG121; MGC150624; RP11-352P4.1","159300340","23249","NA"
"KIF1A","547","KIF1A kinesin family member 1A","2","ATSV; UNC104; C2orf20; FLJ30229; HUNC-104; MGC133285; MGC133286; DKFZp686I2094; KIF1A","17043662","99729","AR,ESR1,GIT1,KIF1A,PPARG,RXRA"
"KIF26A","26153","KIF26A kinesin family member 26A","14","FLJ22753; KIAA1236; DKFZp434N178","17043662","18970","NA"
"KLK10","5655","KLK10 kallikrein-related peptidase 10","19","NES1; PRSSL1; KLK10","16647913","26428","C1orf103"
"KLK6","5653","KLK6 kallikrein-related peptidase 6","19","hK6; Bssp; Klk7; SP59; PRSS9; PRSS18; MGC9355; KLK6","15867230","68279","SERPINC1,SERPINF2,SNCA"
"KLRT32","3882","KRT32 keratin 32","17","HA2; HKA2; hHa2; KRTHA2","17043662","68246","NA"
"KRAS","3845","KRAS v-Ki-ras2 Kirsten rat sarcoma viral oncogene homolog","12","NS; NS3; KRAS1; KRAS2; RASK2; KI-RAS; C-K-RAS; K-RAS2A; K-RAS2B; K-RAS4A; K-RAS4B; KRAS","8467512","37990","BCL2,CALM1,EPB42,FNTA,FNTB,HNRNPC,PGGT1B,PIK3CG,RAF1,RALGDS,RAP1GDS1,RASGRP2,RASSF2,RASSF5,SHOC2"
"KYNU","8942","KYNU kynureninase","2","KYNU","15604243","2925","NA"
"LAMB1","3912","LAMB1 laminin; beta 1","7","CLM; MGC142015; LAMB1","18949382","1722","ACHE,ATXN7L2,COL6A1,GFI1B"
"LCN2","3934","LCN2 lipocalin 2","9","24p3; MSFI; NGAL; LCN2","17043662","4064","HGF,LCN2,LRP2,MMP2,MMP9"
"LDB2","9079","LDB2 LIM domain binding 2","4","LDB1; CLIM1","17043662","989","LHX9,LMO4,RLIM"
"LGALS3","3958","lectin; galactoside-binding; soluble; 3","14","L31; GAL3; MAC2; CBP35; GALBP; GALIG; LGALS2","21153652","37608","CSNK1A1,CSNK2A1,CSNK2A2,CUBN,CYHR1,ELN,FCGR2A,GEMIN4,LGALS3BP,LIM2,MMP2,MYOC,SUFU"
"LIMS1","3987","LIMS1 LIM and senescent cell antigen-like domains 1","2","PINCH; PINCH1; LIMS1","20714146","123779","EHMT2,ILK,LPXN,NCK2,PARVA,RBBP8,RSU1,SMURF1,TGFBR1,TMSB4X"
"LMOD1","25802","LMOD1 leiomodin 1 (smooth muscle)","1","1D; D1; 64kD; SM-LMOD; FLJ55689","17043662","8118","ACTB"
"LOX","4015","LOX lysyl oxidase","5","MGC105112; LOX","18949382","1741","DHDDS,DPT,ELN,HIST1H1B,HIST1H2BJ,LOX"
"LOXL3","84695","LOXL3 lysyl oxidase-like 3","2","LOXL; LOXL3","18949382","56591","C20orf3"
"LRCH2","57631","LRCH2 leucine-rich repeats and calponin homology (CH) domain containing 2","X","KIAA1495; MGC150671; dA204F4.4; LRCH2","159300340","32491","NA"
"LRP1","4035","LRP1 low density lipoprotein receptor-related protein 1","12","APR; LRP; A2MR; CD91; APOER; TGFBR5; IGFBP3R; FLJ16451; MGC88725; LRP1","11006321","1744","A2M,ANAPC10,APBA2,APBB1,APOE,APP,BACE1,C3,C4BPA,CALR,CANX,CAV1,CD82,CTGF,CTSG,DAB1,DLG4,ELANE,F8,F9,FURIN,GIPC1,GTPBP1,GULP1,HSP90B1,ITGB1BP1,KAT5,LIPC,LPL,LRP1,LRPAP1,LTF,MAPK8IP1,MAPK8IP2,MDK,MMP13,MMP14,MMP15,MMP16,MMP17,NOS1AP,PDGFB,PLAT,PLAUR,PRKACA,SCN3A,SERPINA1,SERPINE1,SHC1,SKIL,SNX17,SRC,SYNJ2BP,THBS1,WNT3A"
"LRRN1","57633","LRRN1 leucine rich repeat neuronal 1","3","NLRR-1; FIGLER3; KIAA1497; LRRN1","159300340","32036","NA"
"LTBP4","8425","LTBP4 latent transforming growth factor beta binding protein 4","19","LTBP-4; LTBP4L; LTBP4S; FLJ46318; FLJ90018","17043662","2645","ATN1,GFI1B,TGFB1"
"MAPRE1","22919","MAPRE1 microtubule-associated protein; RP/EB family; member 1","20","EB1; MGC117374; MGC129946; MAPRE1","18949382","56129","APC,APC2,CLASP1,DCTN1,PIK3R4,TERF1"
"MARCO","8685","MARCO macrophage receptor with collagenous structure","2","SCARA2; MARCO","18949382","4928","SCGB3A1,SCGB3A2"
"MASP1","5648","MASP1 mannan-binding lectin serine peptidase 1 (C4/C2 activating component of Ra-reactive factor)","3","MAP1; MASP; RaRF; CRARF; MASP3; MAp44; PRSS5; CRARF1; FLJ26383; MGC126283; MGC126284; DKFZp686I01199","17043662","89143","C2,C3,C4B,FCN2,MBL2,SERPING1"
"MDM2","4193","MDM2 Mdm2 p53 binding protein homolog (mouse) ","12","HDMX; hdm2; MGC5370; MGC71221; MDM2","18398041; 17123590","1793","ABL1,ADRBK1,AKT1,AR,ARRB2,ATM,CASP3,CCAR1,CCNG1,CDKN2A,CHEK2,COPS5,CREBBP,CTBP2,DAXX,DHFR,EID1,EP300,ESR1,GTF2E2,HDAC1,HIF1A,HIPK2,IGF1R,JMY,KAT2B,KAT5,MDM4,MED1,MTBP,NPM1,NR3C1,NUMB,PIAS1,PJA1,PML,POLE,PPM1D,PSMD10,PSME3,RANBP2,RASSF1,RB1,RPL11,RPL5,SUMO1,TAF1,TBP,TCAP,TP53,TP73,TSG101,UBB,UBE2A,UBQLN4,USP2,USP7"
"MED13L","23389","MED13L mediator complex subunit 13-like","12","THRAP2; FLJ21627; KIAA1025; TRAP240L; PROSIT240; DKFZp781D0112; MED13L","159300340","25256","MED13"
"MEG3","55384","MEG3 maternally expressed 3 (non-protein coding)","14","GTL2; FP504; prebp1; PRO0518; PRO2160; FLJ31163; FLJ42589; FLJ44703; NCRNA00023","17043662","0","NA"
"MGC16121","84848","MGC16121 hypothetical protein MGC16121","X","-","17043662","0","NA"
"MLH1","4292","MLH1 mutL homolog 1; colon cancer; nonpolyposis type 2 (E. coli)","3","FCC2; COCA2; HNPCC; hMLH1; HNPCC2; MGC5172; MLH1","10072435; 10550333; 12700670","208","AP2B1,BLM,BRCA1,CASP3,EXO1,FRMD6,MBD4,MLH3,MSH4,MYC,PMS1,PMS2,RAD9A,TRIM29,UBOX5,ZC3H11A"
"MLH3","27030","MLH3 mutL homolog 3 (E. coli)","14","HNPCC7; MGC138372; MLH3","16885347","91153","MLH1,MLH3,MSH4"
"MME","4311","MME membrane metallo-endopeptidase","3","NEP; SFE; CD10; CALLA; MGC126681; MGC126707; DKFZp686O16152","17043662","5275","ADCYAP1,ADM,CSNK2B,EDN1,EDN2,GAST,LYN,NDRG1,NPPA,NPPC,PIK3CB,PIK3R1,SHC1,VIP"
"MMP10","4319","MMP10 matrix metallopeptidase 10","11","SL-2; STMY2; MMP10","18949382","20546","BCAN,HAPLN1,MMP9"
"MMP26","56547","MMP26 matrix metallopeptidase 26","11","MGC126590; MGC126592; MMP26","15350356","49684","IGFBP1,MMP9,SERPINA1"
"MMP7","4316","matrix metallopeptidase 7 (matrilysin; uterine)","11","MMP-7; MPSL1; PUMP-1","20113256","37619","BCAN,CD151,CD44,DCN,FASLG,HAPLN1,HBEGF,MBP,MMP1,MMP9,NGF,PLG,SERPINA1,SPP1,TFPI,TNFSF11"
"MMP9","4318","MMP9 matrix metallopeptidase 9 (gelatinase B; 92kDa gelatinase; 92kDa type IV collagenase)","20","GELB; CLG4B; MMP-9; MANDP2; MMP9","18949382","3659","AREG,BTC,CD44,COL1A1,COL1A2,COL4A1,COL4A2,COL4A3,COL4A4,COL4A5,COL4A6,CXCL1,CXCL5,EPHB2,FN1,HAPLN1,IL8,KISS1,LCN2,MMP10,MMP26,MMP7,MMP9,PLG,PRSS2,PZP,RECK,TFPI,THBS1,THBS2,TIMP3"
"MRPL3","11222","MRPL3 mitochondrial ribosomal protein L3","3","MRL3; RPML3; MRPL3","15604243","31431","NA"
"MS4A6","64231","MS4A6A membrane-spanning 4-domains; subfamily A; member 6A","11","CDA01; MS4A6; 4SPAN3; CD20L3; MST090; MSTP090; 4SPAN3.2; MGC22650; MGC131944; MS4A6A","15604243","83320","NA"
"MSX2","4488","MSX2 msh homeobox 2","5","FPP; MSH; PFM; CRS2; HOX8; PFM1; MSX2","159300340","1837","CEBPA,DLX2,DLX5,GTF2F1,GTF2F2,MAGED1,MSX1,MSX2,PIAS2,RUNX2,SPEN,XRCC5,XRCC6,ZBTB17"
"MT1E","4493","MT1E metallothionein 1E","16","MT1; MTD; MT1E","19420986","81614","NA"
"MTHFR","4524","MTHFR methylenetetrahydrofolate reductase (NAD(P)H)","1","MTHFR","9450474","4349","NAA38"
"MUM1L1","139221","MUM1L1 melanoma associated antigen (mutated) 1-like 1","X","FLJ33516; MGC129994; MGC129995","17043662","51851","NA"
"MVD","4597","MVD mevalonate (diphospho) decarboxylase","16","MPD; FP17780; MVD","18949382","1843","BTAF1,EEF1G,EIF4EBP1,GNB5,HSPA9,MVD"
"NCOA3","8202","nuclear receptor coactivator 3","20","ACTR; AIB1; RAC3; SRC3; pCIP; AIB-1; CTG26; SRC-3; CAGH16; KAT13B; TNRC14; TNRC16; TRAM-1; bHLHe42; MGC141848","16980945","4764","AR,ATAD2,BMP6,BMP7,CCND1,CHUK,CREBBP,DDX17,DDX5,E2F1,EP300,ESR1,ESR2,ESRRA,ESRRB,GTF2B,IKBKB,IKBKG,JUN,KAT2B,MAPK1,MAPK14,MMS19,NCOA3,NCOR2,NPAS2,NR1H2,NR1H3,NR1I2,NR4A1,PGR,PIN1,PPARG,PRMT1,PSMB9,PSME3,RARA,RARB,RARG,RELA,RXRA,RXRB,SMARCE1,SUFU,SUMO1,TBP,THRB,YWHAH"
"NDC80","10403","NDC80 NDC80 homolog; kinetochore complex component (S. cerevisiae)","18","HEC; HEC1; TID3; KNTC2; hsNDC80; NDC80","159300340","38141","AMOTL2,AURKA,AURKB,CALCOCO1,CCDC53,KLHL12,MAD1L1,MAD2L1,MIS12,NDC80,NEK2,NUF2,PLDN,PSMC2,RB1,SMC1A,SPC25,TOM1L1,USHBP1,ZWINT"
"NDN","4692","NDN necdin homolog (mouse)","15","PWCR; HsT16328","17043662","20559","ARSE,E2F1,E2F4,HIF1A,HNRNPU,IL1A,NDN,NGFR,NUBP1,NUCB1,NUCB2,PJA1,TP53"
"NDRG1","10397","NDRG1 N-myc downstream regulated 1","8","GC4; RTP; DRG1; NDR1; NMSL; TDD5; CAP43; CMT4D; HMSNL; RIT42; TARG1; PROXY1; NDRG1","18377423","55953","ACSL3,ACTG1,AP1M2,AP2M1,ARL4D,ATP1A1,CANX,CDH1,CLTC,CNDP2,COPB2,CTNNB1,DDX1,DDX5,DLST,EEF1G,EEF2,EIF2S3,EIF3E,EWSR1,FASN,HNRNPF,HNRNPH1,HNRNPU,HSD17B4,HSP90AA1,HSPA5,ILF3,KIF5B,LDHA,MAOA,MME,NCL,PABPC1,PHYHIP,PKM2,PPP2R2A,PRKACA,PSMC2,PSMC3,PSMD2,RPL24,RPL3,RPL4,RPN2,RPS16,RPS20,RPS26,RPS3,RPS6,RPS8,RUVBL2,S100B,SEC23A,SHMT2,TARS,TLE3,UPF1,VCP,XRCC5,ZNF155"
"NDUFA2","4695","NDUFA2 NADH dehydrogenase (ubiquinone) 1 alpha subcomplex; 2; 8kDa","5","B8; CD14; CIB8; NDUFA2","15604243","37628","NA"
"NFE2L2","4780","NFE2L2 nuclear factor (erythroid-derived 2)-like 2","2","NRF2; NFE2L2","21228930","2412","ATF4,CASP1,CASP3,CHD6,COPS7A,CREBBP,EIF2AK3,JUN,JUND,KEAP1,MAFF,MAFG,MAFK,NFE2,PMF1,PPARG,PRKCD"
"NFIB","4781","NFIB nuclear factor I/B","9","NFIB2; NFIB3; NFI-RED; HMGIC/NFIB; NFIB","18949382","4087","NFIC,NFIX,RFX1"
"NFKB1","4790","nuclear factor of kappa light polypeptide gene enhancer in B-cells 1","4","p50; KBF1; p105; EBP-1; MGC54151; NFKB-p50; NF-kappaB; NFKB-p105; NF-kappa-B; DKFZp686C01211","17704737","2971","AR,ATF3,BCL3,BRCA1,BTRC,CDK9,CEBPB,CFLAR,CHUK,CTNNB1,E2F1,ELF1,ELF3,ESR1,ETS1,FBXW11,FOS,G3BP2,GSK3B,HDAC1,HMGA2,HMGB1,IKBKB,IKBKG,IL2RA,IRF1,IRF2,ITGB3BP,KAT5,KLF5,KPNA3,LYL1,MAP3K8,MEN1,MTPN,NCF1,NCOA1,NCOR2,NFKB1,NFKB2,NFKBIA,NFKBIB,NFKBIE,NFKBIZ,NFRKB,NKRF,NOTCH1,NR3C1,PARP1,PDCD11,PPP4C,PRKACA,REL,RELA,RELB,RIPK1,RPS3,RSF1,RXRA,SIN3A,SPAG9,SPI1,STAT3,STAT6,TNFSF11,TNIP2,TP53BP1,TRIP4,TSC22D3,TXN,UBE2D3,UBE2K,UNC5CL"
"NGFRAP1","27018","NGFRAP1 nerve growth factor receptor (TNFRSF16) associated protein 1","X","Bex; BEX3; NADE; HGR74; DXS6984E; NGFRAP1","18949382","7642","CCDC85B,DIABLO,NGFR,NTRK3,PTPN13,SMPD1,TRAF1,TRAF2,TRAF3,TRAF4,TRAF5,TRAF6,VTA1,YWHAE"
"NID","4811","NID1 nidogen 1","1","NID","17043662","1878","NA"
"NKX2-1","7080","NK2 homeobox 1","14","BCH; BHC; NK-2; TEBP; TTF1; NKX2A; TITF1; TTF-1; NKX2.1","17504987","2488","CALR,CREBBP,GATA6,HIPK2,MAPK1,NCOA1,NCOA2,PAX8,RARA,RELA,TDG,WWTR1"
"NME1","4830","NME1 non-metastatic cells 1; protein (NM23A) expressed in","17","NB; AWD; NBS; GAAD; NDKA; NM23; NDPKA; NDPK-A; NM23-H1; NME1","8519661; 20599259","56418","APEX1,AURKA,GORASP2,ITGB1,KSR1,MIF,NME1,NME3,NME4,POLR1C,PRUNE,RORA,RORB,RRAD,SET,TERF1,TIAM1,WDYHV1"
"NME2","4831","NME2 non-metastatic cells 2; protein (NM23B) expressed in","17","PUF; NDKB; NDPKB; NM23B; NDPK-B; MGC2212; NM23-H2; MGC111212; NME2","8519661","39553","DNM1,HERC5,MOBKL3,NME2,NME3,PPP2CA,RORA,RORB,TBXA2R,TERF1,VIM"
"NPDC1","56654","NPDC1 neural proliferation; differentiation and control; 1","9","CAB; CAB-; CAB1; CAB-1; NPDC-1; DKFZp586J0523; NPDC1","159300340","32050","CCND1,CCND2,CCND3,CDK2,E2F1,HNRNPK,KRTAP4-12,MADD,MDFI,NPDC1,PLSCR1,TFDP1"
"NPR1","4881","NPR1 natriuretic peptide receptor A/guanylate cyclase A (atrionatriuretic peptide receptor A)","1","ANPa; NPRA; ANPRA; GUC2A; GUCY2A; NPR1","159300340","37367","ATF7IP,NPPA,NPPB,NPR1,PRKG1"
"NPTX1","4884","NPTX1 neuronal pentraxin I","17","NP1; MGC105123; DKFZp686J2446; NPTX1","15604243","1891","NPTX1,NPTXR,RCN2"
"NR3C1","2908","NR3C1 nuclear receptor subfamily 3; group C; member 1 (glucocorticoid receptor)","5","GR; GCR; GRL; GCCR; NR3C1","159300340","30960","ADA,AR,BAG1,CALM1,CALR,CEBPA,CEBPB,CHD9,COPS6,CREB1,CREBBP,DAP3,DCAF6,DDX54,ECD,ETS1,ETS2,FKBP4,FYN,GRIP1,HNRNPU,HSP90AA1,HSPA1A,IDE,IFNGR2,JUN,KDM5A,KPNA2,LCK,MAPK1,MAPK15,MAPK8,MDM2,MED14,NCL,NCOA1,NCOA2,NCOA6,NCOR1,NCOR2,NFKB1,NFKB2,NR2F2,NR2F6,NR3C1,NR3C2,NRIP1,ONECUT1,PBX1,PELP1,POU1F1,POU2F1,POU2F2,PPARGC1A,PRKACA,PRKDC,PRPF6,PSMC3IP,PTGES3,PTMS,RAF1,RARA,RELA,RNF14,SFN,SLC25A4,SMAD3,SMARCA2,SMARCA4,SMARCB1,SMARCC1,SMARCD1,SMARCE1,STAT3,STAT5A,STAT5B,SUMO1,SUMO4,SYT1,TBP,TGFB1I1,TP53,TRIM24,TRIM28,TSG101,TXN,UBB,UBE2I,YWHAH,ZBTB16"
"NSDHL","50814","NSDHL NAD(P) dependent steroid dehydrogenase-like","X","H105E3; XAP104; SDR31E1; NSDHL","18949382","5951","NA"
"NT5E","4907","NT5E 5'-nucleotidase; ecto (CD73)","6","NT; eN; NT5; NTE; eNT; CD73; E5NT; NT5E","159300340","1895","ACTB,FN1,LAMA1"
"NUP107","57122","NUP107 nucleoporin 107kDa","12","NUP84; NUP107","18949382","5555","NUP133,NUP214"
"OGN","4969","OGN osteoglycin","9","OG; OIF; SLRR3A; DKFZp586P2421","17043662","8542","NA"
"OLFM1","10439","OLFM1 olfactomedin 1","9","AMY; NOE1; OlfA; NOELIN1","17043662","8612","NA"
"OSR2","107587","Osr2 odd-skipped related 2 (Drosophila)","15","Osr2A; Osr2B; 5430409I15Rik","17043662","14200","NA"
"P2RY14","9934","P2RY14 purinergic receptor P2Y; G-protein coupled; 14","3","P2Y14; GPR105; KIAA0001","17043662","15769","NA"
"PA2G4","5036","PA2G4 proliferation-associated 2G4; 38kDa","12","EBP1; HG4-1; p38-2G4; PA2G4","18949382","4513","AR,ERBB3,EXOSC5,HDAC2,PRKCA,PRKCB,PRKCG,RB1,SIN3A,SUMO4"
"PAFAHIB3","5050","PAFAH1B3 platelet-activating factor acetylhydrolase 1b; catalytic subunit 3 (29kDa)","19","PAFAHG; FLJ44990; PAFAH1B3","18949382","1933","NA"
"PAK3","5063","PAK3 p21 protein (Cdc42/Rac)-activated kinase 3","X","bPAK; MRX30; MRX47; OPHN3; hPAK3; CDKN1A; PAK3beta","17043662","55664","ARHGEF6,ARHGEF7,GIT1,GIT2,MYO6,NCK1,PAK3,PXN,RAF1,SYN1"
"PAPPA","5069","PAPPA pregnancy-associated plasma protein A; pappalysin 1","9","PAPA; DIPLA1; PAPP-A; PAPPA1; ASBABP2; IGFBP-4ase","17043662","31097","ATF7IP,C3,IGFBP4,PAPPA,PLG,PRG2,SKIL,SMAD2,SMAD3,SMAD9,TNNI3"
"PARM1","25849","PARM1 prostate androgen-regulated mucin-like protein 1","4","WSC4; Cipar1; PARM-1; DKFZP564O0823","17043662","41036","NA"
"PARP1","142","PARP1 poly (ADP-ribose) polymerase 1","1","PARP; PPOL; ADPRT; ADPRT1; PARP-1; ADPRT 1; pADPRT-1; PARP1","18949382","1222","APTX,BCL2,BUB3,CASP1,CDKN1A,CENPA,CENPB,CTSG,E2F1,ERCC6,GZMB,H2AFY,LIG3,MED6,MYBL2,NCL,NCOA6,NEDD8,NFKB1,NPM1,PARP1,PARP2,PARP3,PCNA,POLA1,POU2F1,PRKDC,RARA,RBM14,RELA,RPS3A,RXRA,SFRS12,SWAP70,TCF4,TP53,WRN,XRCC1,XRCC5,XRCC6,ZNF423"
"PAWR","5074","PRKC; apoptosis; WT1; regulator","12","PAR4; Par-4","17043662","1940","AATF,ATP5C1,DAPK3,HSPA5,PAWR,PML,PRKCZ,RRAS2,SLC5A7,TFPT,THAP1,WT1"
"PDGFRA","5156","PDGFRA platelet-derived growth factor receptor; alpha polypeptide","4","CD140A; PDGFR2; MGC74795; RHEPDGFRA","15604243","31361","CAV1,CBL,CRK,CRKL,GRB14,ITGAV,ITGB3,JAK1,PDGFA,PDGFB,PDGFC,PDGFRA,PDGFRB,PIK3R1,PLCG1,PTPN11,SHB,SHF,SLC9A3R1,SNX2,SNX4,SNX6,STAT1,STAT3,STAT5A,STAT5B"
"PDYN","5173","PDYN prodynorphin","20","ADCA; PENKB; SCA23; MGC2641","15604243","10321","NRD1"
"PEG3","5178","PEG3 paternally expressed 3","19","PW1; ZNF904; ZSCAN24; KIAA0287; DKFZp781A095","17043662","31363","SIAH1,SIAH2,TRAF2,USP7"
"PGGT1B","5229","PGGT1B protein geranylgeranyltransferase type I; beta subunit","5","BGGI; GGTI; PGGT1B","15604243","3685","CDC42,GNG2,KRAS,RHOB,RRAS2"
"PGR","5241","PGR progesterone receptor","11","PR; NR3C3; PGR","19382201; 15555905; 8104681","713","APEX2,BATF3,BCAS2,CCNA2,CSNK2A1,CUEDC2,DDX54,ESR1,FKBP5,HMGB2,JDP2,KLF9,NCOA1,NCOA3,PGR,PIAS1,PIAS3,POU2F1,PRMT2,RBM23,RBM39,RELA,SNW1,SORBS1,SRC,TRIM24,UBE3A,UBR5,XRCC6,ZBTB17"
"PID1","55022","PID1 phosphotyrosine interaction domain containing 1","2","PCLI1; NYGGF4; FLJ20701; HMFN2073","17043662","9924","NA"
"PITX1","5307","PITX1 paired-like homeodomain 1","5","BFT; CCF; POTX; PTX1; PITX1","17043662","20584","DVL3,EGR1,NEUROD1,NR5A1,POU1F1,RBPMS,RHOXF2"
"PLA2G4A","5321","PLA2G4A phospholipase A2; group IVA (cytosolic; calcium-dependent","1","PLA2G4; MGC126350; cPLA2-alpha; PLA2G4A","159300340","32059","CASP1,CASP3,CASP4,JAK1,KAT5,MAPK14,MAPKAPK5,MKNK1,PLA2G4A,PLA2G5,RPS6KA5,VIM"
"PLAG1","5324","PLAG1 pleiomorphic adenoma gene 1","8","PSA; SGPA; ZNF912; PLAG1","159300340","1993","KPNA2,SMAD3"
"PLAU","5328","PLAU plasminogen activator; urokinase","10","ATF; UPA; URK; u-PA; PLAU","11063652","55670","CTSB,CTSL1,F2,HGF,IGF2R,LRP2,NID1,PLAT,PLAUR,PLG,SERPINA5,SERPINB2,SERPINB6,SERPINE1,SERPINF2,ST14"
"PLAUR","5329","PLAUR plasminogen activator; urokinase receptor","19","CD87; UPAR; URKR; U-PAR; PLAUR","12130664; 11063652","48120","EEF1A1,FAP,FYN,HCK,IL6ST,ITGAM,ITGB1,JAK1,KNG1,LRP1,LRP1B,MMP12,PFN2,PLAU,SRPX2,SURF2,TYK2,VTN"
"PLEKHH2","130271","PLEKHH2 pleckstrin homology domain containing; family H (with MyTH4 domain) member 2","2","KIAA2028; PLEKHH1L","17043662","35317","NA"
"POLE3","54107","POLE3 polymerase (DNA directed); epsilon 3","9","p17; YBL1; CHRAC17; CHARAC17; POLE3","18949382","9694","CHRAC1,DR1,DRAP1,POLE4"
"POLR2H","5437","POLR2H polymerase (RNA) II (DNA directed) polypeptide H","3","RPB8; RPB17; RPABC3; hsRPB8; POLR2H","15604243","4540","NFKBIB,POLR2A,POLR2B,POLR2C,POLR2D,POLR2E,POLR2G,POLR2H,POLR2I,POLR2K,POLR2L"
"POM121","9883","POM121 POM121 membrane glycoprotein","7","MGC3792; POM121A; FLJ41820; KIAA0618; DKFZp586G1822; DKFZp586P2220; POM121","15604243","70878","AGR2,AP2B1,ATXN1,CEP55,CLDN3,COL4A3BP,GFAP,GOLGA2,GYG1,LPXN,NFKBIA,POM121,RBPMS,TEX11,TRIM23,TRIP6"
"PPAP2C","8612","PPAP2C phosphatidic acid phosphatase type 2C","19","LPP2; PAP-2c; PAP2-g; PPAP2C","159300340","2752","BAT3,UNC119"
"PPM1D","8493","PPM1D protein phosphatase; Mg2+/Mn2+ dependent; 1D","17","WIP1; PP2C-DELTA; PPM1D","18949382","31185","MDM2,NCL,RPL5,TP53"
"PPPDE1","51029","PPPDE1 PPPDE peptidase domain containing 1","1","PNAS-4; CGI-146; FAM152A; C1orf121; FLJ21998; PPPDE1","18949382","56741","NA"
"PRKAR1B","5575","PRKAR1B protein kinase; cAMP-dependent; regulatory; type I; beta","7","PRKAR1; PRKAR1B","15604243","37665","AKAP1,PPP1R9A,PRKAR1A,SMAD3,SMAD4,WRN"
"PRKCA","5578","PRKCA protein kinase C; alpha","17","AAG6; PKCA; PRKACA; MGC129900; MGC129901; PKC-alpha; PRKCA","11371124","55679","ACTA1,ADAP1,ADCY5,ADD3,ADRA1B,ADRBK1,AFAP1,AKAP12,AKAP5,ANXA2,ANXA7,APLP2,ARHGEF1,ATP2B1,ATP2B2,AVPR1A,BCL2,BTG2,BTK,C1QBP,CASR,CBL,CD163,CD5,CD9,CDC42,CFTR,CHAT,CISH,CORO1B,CREM,CYTH2,DDX5,DGKD,DGKZ,DLG4,DLX3,DNM1,DVL2,EDF1,EEF1D,EGFR,EIF4E,ENTPD5,EWSR1,EZR,F11R,FAS,FLNA,FLNC,FSCN1,GABRG2,GABRR1,GABRR2,GFAP,GFPT1,GJA1,GJB1,GMFB,GNA12,GNA15,GNB2L1,GPM6A,GRIA1,GRIA2,GRIA4,GRIN2A,GRIN2B,GRM1,GRM5,GSK3A,HABP4,HAND1,HAND2,HES1,HLA-A,HMGB1,HMGN1,HMGN2,HSP90AA1,HSPA1A,HSPB8,INSR,ITGB1,ITGB2,ITGB4,ITPKA,ITPKB,KCNE1,KCNE4,KCNQ2,KIT,KRT18,LCK,LMNA,LMNB1,MARCKS,MBP,MGMT,MYLK,MYOD1,NCF1,NFATC1,NOS1,NRGN,NUMB,OCLN,OGG1,OPRD1,PA2G4,PAM,PDLIM7,PEA15,PEBP1,PFKFB2,PICK1,PLCB1,PLD1,PLD2,POLB,PPARA,PPP1R14A,PRKCA,PRKCZ,PRKG1,PTGIR,PTPN11,PTPN12,PTPN6,RAC1,RAF1,RALBP1,RARA,RGS19,RGS2,RGS7,RHO,RHOA,RPL10,RRAD,SCTR,SDC2,SDC4,SDPR,SEMG1,SEMG2,SHC1,SLC1A1,SLC6A9,SNAP23,SNAP25,SPAG1,SPP1,SRC,STXBP1,STXBP3,SYK,TEP1,TERT,THOC5,TIAM1,TNNI3,TNNT2,TOP2A,TP53,TRIM29,TRPC3,TRPV6,VCL,VTN,XK,YWHAG,YWHAZ"
"PRKCD","5580","PRKCD protein kinase C; delta ","3","MAY1; PKCD; MGC49908; nPKC-delta; PRKCD","17959229; 18949382","55963","ACTA1,ACTA2,ACTB,ADAM9,ADCY7,ADD1,ADD2,ADRA2A,ADRB2,ADRBK1,AFAP1,AKT3,BDKRB2,C1QBP,CD34,CDCP1,CHAT,CNP,CREBBP,CYTH1,DAB2,EEF1A1,EGFR,EIF2S1,EP300,ESRRA,FSCN1,FYN,GABRA1,GAP43,GNA13,GNAZ,GNB2L1,GRM5,GSK3A,HABP4,HNRNPK,HSP90AA1,IGF1R,IL6ST,INSR,IRS1,ITGA6,ITGB2,ITGB4,ITGB7,KCNJ1,KCNJ4,KLF5,LCK,LMNB1,LMNB2,LYN,MAPK1,MAPK3,MAPT,MBP,MEP1B,MS4A2,MUC1,NCF1,NCF4,NFE2L2,NUMB,OPRD1,PAK1,PDP1,PDP2,PDPK1,PEBP1,PIK3CA,PIK3CB,PLCB1,PLD2,PLSCR1,PLSCR3,PPARA,PPM1A,PPP1CA,PPP2CA,PPP2R5C,PRKCD,PRKCZ,PRKDC,PTK2B,PTPN22,PTPN6,PTPRA,RAC1,RAF1,RASGRP3,RIPK4,RUNX2,SDC4,SHC1,SRC,STAT1,STAT3,TAGLN,TIAM1,YWHAB,YWHAG,YWHAZ"
"PSMA3","5684","PSMA3 proteasome (prosome; macropain) subunit; alpha type; 3","14","HC8; PSC3; MGC12306; MGC32631; PSMA3","15604243","2082","ATN1,AURKB,BAT2,CDKN1A,CRYAB,CSNK2A1,EGR1,GFI1B,HHEX,PLK1,PRNP,PSMA1,PSMA2,PSMA4,PSMA6,PSMA7,PSMB5,RERE,SNRPB,SNRPF,STUB1,STX11,XRN2"
"PTEN","5728","PTEN phosphatase and tensin homolog","10","BZS; DEC; GLM2; MHAM; TEP1; MMAC1; PTEN1; 10q23del; MGC11227; PTEN","11309338; 18377423; 11190805; 9354433; 12790783","265","AKT1,ANG,AR,CAV1,CHGB,COPS6,CSNK2A1,CSNK2A2,DLG1,HBA1,MAGI2,MAGI3,MAST1,MAST2,MAST3,MVP,PPP1CA,PXN,SLC9A3R1,SLC9A3R2,STK11,TP53,UBE2I,UBE2L3,UTP14A"
"PTGS1","5742","PTGS1 prostaglandin-endoperoxide synthase 1 (prostaglandin G/H synthase and cyclooxygenase)","9","COX1; COX3; PHS1; PCOX1; PGHS1; PTGHS; PGG/HS; PGHS-1; PTGS1","159300340","743","NUCB1,PTGS1"
"PTGS2","5743","prostaglandin-endoperoxide synthase 2 (prostaglandin G/H synthase and cyclooxygenase)","1","COX2; COX-2; PHS-2; PGG/HS; PGHS-2; hCox-2; GRIPGHS","15598938; 12209724","31000","BAT5,CAV1,NUCB1,PTGS2,TP53"
"PTPRC","5788","PTPRC protein tyrosine phosphatase; receptor type; C","1","LCA; LY5; B220; CD45; L-CA; T200; CD45R; GP180","17043662","2126","ANP32A,CD1D,CD2,CD22,CD247,CD28,CD4,CD8A,CSNK2A1,CSNK2A2,CXCR4,DPP4,EZR,FCGR3A,FYN,GANAB,GRB2,IFNAR1,INSR,IRS1,ITGAL,JAK1,JAK2,JAK3,LCK,LCP2,LGALS1,LSM1,LYN,MBL2,PAEP,PPFIA1,PPFIBP2,PRKCSH,PTPN6,PTPRC,PTPRCAP,RASA1,RNF11,SEMA4D,SKAP1,TYK2,ZAP70"
"PYCARD","29108","PYCARD PYD and CARD domain containing","16","ASC; TMS; TMS1; CARD5; TMS-1; MGC10332; PYCARD","18949382","8307","CASP1,MEFV,NLRC4,NLRP1,NLRP12,NLRP3,POP1,PRKAR1A,PYDC2,SRF"
"RAB2A","5862","RAB2A RAB2A; member RAS oncogene family","8","RAB2; RAB2A","18949382","20628","BLZF1,FAM71C,GAPDH,GDI2,GOLGA2,GORASP2,PRKCI,ZFYVE20"
"RAD51","5888","RAD51 RAD51 homolog (RecA homolog; E. coli) (S. cerevisiae)","15","RECA; BRCC5; HRAD51; RAD51A; HsRad51; HsT16930; RAD51","20602259","2155","ABL1,ATM,ATRX,BCCIP,BLM,BRCA1,BRCA2,C17orf28,CASP3,CASP7,CHD3,CHEK1,DMC1,DNAJA3,ERCC2,FANCD2,IRS1,RAD51,RAD51AP1,RAD51AP2,RAD51C,RAD52,RAD54B,RAD54L,RPA1,SUMO1,TP53,UBE2I,VIM"
"RAMP1","10267","RAMP1 receptor (G protein-coupled) activity modifying protein 1","2","-","17043662","4275","CALCA,CALCR,CALCRL,IAPP,VIPR1"
"RARRES1","5918","RARRES1 retinoic acid receptor responder (tazarotene induced) 1","3","TIG1; RARRES1","15604243","2166","NA"
"RASGEF1A","221002","RASGEF1A RasGEF domain family; member 1A","10","CG4853; FLJ37817; RASGEF1A","159300340","17067","NA"
"RASSF1","11186","RASSF1 Ras association (RalGDS/AF-6) domain family member 1","3","123F2; RDA32; NORE2A; RASSF1A; REH3P21; RASSF1","16619251; 18404674; 17170014","10499","ATP2B4,CDC20,CNKSR1,DAXX,E4F1,EXOSC8,HRAS,IGFBP5,MAP1B,MAP1S,MAPK8,MDM2,MOAP1,NUDT10,RASSF1,RASSF5,STK4,TNFRSF10A,TNFRSF1A,TUBB,TUBG1,XPA"
"RASSF2","9770","RASSF2 Ras association (RalGDS/AF-6) domain family member 2","20","KIAA0168; RASFADIN; DKFZp781O1747; RASSF2","18404674","22840","HRAS,KRAS"
"RASSF6","166824","RASSF6 Ras association (RalGDS/AF-6) domain family member 6","4","DKFZp686K23225; RASSF6","159300340","37125","NA"
"RBP1","5947","RBP1 retinol binding protein 1; cellular ","3","CRBP; RBPC; CRBP1; CRBPI; CRABP-I","16575402","2175","-,BRMS1,BRMS1L,HDAC1,HDAC2,ING1,LRAT,LRP2,MED26,RBBP4,RBBP7,SAP30,SIN3A"
"RBP7","116362","RBP7 retinol binding protein 7; cellular","1","CRBP4; CRBPIV; MGC70641","17043662","32521","NA"
"RHOC","389","RHOC ras homolog gene family; member C","1","H9; ARH9; ARHC; RHOH9; MGC1448; MGC61427; RHOC","18949382","90945","ARHGAP1,CIT,DIAPH1,ROCK1,RTKN"
"RNF213","57674","RNF213 ring finger protein 213","17","NET57; MGC9929; C17orf27; FLJ13051; KIAA1554; KIAA1618; MGC46622; DKFZp762N1115; RNF213","159300340","45439","NA"
"RORB","6096","RORB RAR-related orphan receptor B","9","RZRB; NR1F2; ROR-BETA; RZR-BETA; bA133M9.1","17043662","38250","MAP6,NCOA1,NCOA6,NME1,NME2,NPPA,NRIP1,NRIP2,PNRC1,PNRC2,PSMC4,UBE2I"
"RP54X","6191","RPS4X ribosomal protein S4; X-linked","X","S4; CCG2; RPS4; SCAR; SCR10; DXS306; FLJ40595; RPS4X","15604243","90857","NA"
"RPS6KB1","6198","RPS6KB1 ribosomal protein S6 kinase; 70kDa; polypeptide 1","17","S6K; PS6K; S6K1; STK14A; p70-S6K; p70-alpha; p70(S6K)-alpha; RPS6KB1","15627061","81703","AKT1,CDC42,CDK1,COASY,CSNK2B,EEF2K,EIF4B,EIF4EBP1,MAPK1,MAPK3,MAPK8,MAPK9,MAPT,MTOR,NCBP1,NEK6,PDK1,PDPK1,PIK3CA,PIN1,POLDIP3,PPP1R9A,PPP1R9B,PPP2CA,RAC1,RPS6,RPTOR,STK11,TERT,TRAF4,XPO1"
"RPS6KB2","6199","RPS6KB2 ribosomal protein S6 kinase; 70kDa; polypeptide 2","11","KLS; SRK; S6K2; STK14B; p70S6Kb; P70-beta; S6K-beta2; P70-beta-1; P70-beta-2; p70(S6K)-beta; RPS6KB2","15627061","68374","COASY,EEF2K,MTOR,PDPK1,PRKCE,RPS6"
"RUNX1","861","RUNX1 runt-related transcription factor 1","21","AML1; CBFA2; EVI-1; AMLCR1; PEBP2aB; AML1-EVI-1; RUNX1","15604243","1331","AR,CBFA2T2,CBFA2T3,CBFB,CCND1,CCND2,CCND3,CDK6,CEBPA,CEBPB,ELF2,ELF4,EP300,FOS,FOXP3,HIPK1,HIPK2,JUN,MYST3,MYST4,NCOR2,PAX5,SUV39H1,TAZ,TLE1,TLE2,WWTR1,YAP1"
"RUNX1T1","862","RUNX1T1 runt-related transcription factor 1; translocated to; 1 (cyclin D-related)","8","CDR; ETO; MTG8; AML1T1; ZMYND2; CBFA2T1; MGC2796; FLJ33145; DKFZp564B213","17043662","3801","ABI3,ATN1,BCL6,C19orf57,CBFA2T3,GFI1,HDAC1,HDAC3,HDAC8,HSP90AA1,ID1,ID3,KPNA1,KPNB1,NCOR1,NCOR2,NECAB2,PRKAR2A,RUNX1T1,SIN3A,TAF9B,TCF3,TCF4,UBQLN4,WBP11,ZBTB16,ZNF652"
"RUVBL1","8607","RUVBL1 RuvB-like 1 (E. coli)","3","RVB1; TIH1; ECP54; TIP49; INO80H; NMP238; PONTIN; TIP49A; Pontin52; RUVBL1","15604243","37839","ACTL6A,C20orf20,CTNNB1,DKC1,KIAA1377,PLG,RUVBL2,TBP,TERT"
"S100A2","6273","S100A2 S100 calcium binding protein A2","1","CAN19; S100L; MGC111539; S100A2","17043662","48389","S100A2,S100P,TP53,TPM1,TPM2,TPM3"
"S100A4","6275","S100A4 S100 calcium binding protein A4","1","42A; 18A2; CAPL; FSP1; MTS1; P9KA; PEL98; S100A4","17673926","7924","ACTA1,ANXA2,BAT3,METAP2,MYH10,MYH2,MYH4,MYH9,NOV,PPFIBP1,S100A1,S100A4,S100P,SEPT2,SEPT6,SEPT7,TP53,TPM2,TPM3,UNC119"
"SAA1","6288","SAA1 serum amyloid A1","11","SAA; PIG4; SAA2; TP53I4; MGC111216; SAA1","19536090","81819","-,COL4A1,COL4A2,COL4A3,COL4A4,FPR1,LAMA1"
"SAA2","6289","SAA2 serum amyloid A2","11","SAA2","17043662","117956","COL4A1,LAMA1,SAA2"
"06/01/11","6303","SAT1 spermidine/spermine N1-acetyltransferase 1","X","SAT; DC21; KFSD; SSAT; KFSDX; SSAT-1; SAT1","159300340","37716","NA"
"SCARA5","286133","SCARA5 scavenger receptor class A; member 5 (putative)","8","Tesr; NET33; FLJ23907; MGC45780","286133","12556","NA"
"SCGB2A2","4250","SCGB2A2 secretoglobin; family 2A; member 2 ","11","MGB1; UGB2; MGC71974; SCGB2A2","159300340","105651","SCGB1D2"
"SDC1","6382","SDC1 syndecan 1","2","SDC; CD138; SYND1; syndecan; SDC1","19539355","2252","CASK,CCL5,CTSG,ELANE,FGF2,HGF,IGFBP7,IL8,LACRT,MDK,MMP14,PTN,SDCBP"
"SELP","6403","SELP selectin P (granule membrane protein 140kDa; antigen CD62)","1","CD62; GRMP; PSEL; CD62P; GMP140; LECAM3; PADGEM; FLJ45155; SELP","15604243","2260","AP1M1,CD24,EZR,FUT4,GP1BA,SELP,SELPLG,SERPING1,SNX17,VCAN"
"SERPINA3","12","SERPINA3 serpin peptidase inhibitor; clade A (alpha-1 antiproteinase; antitrypsin); member 3","14","ACT; AACT; GIG24; GIG25; MGC88254; SERPINA3","15604243","111129","ADAMTS4,APP,CELA1,CMA1,CTRB1,CTRC,CTRL,CTSG,DNAJC1,ELANE,ERBB2,F5,HOXB1,KLK2,KLK3,KLK4,MMP1,MST1,POLA1,SERPINA3"
"SERPINB2","5055","SERPINB2 serpin peptidase inhibitor; clade B (ovalbumin); member 2","18","PAI; PAI2; PAI-2; PLANH2; HsT1201; SERPINB2","11063652","20571","IRF3,PLAU,PRPF8,PSMB1,RB1,SERPINB2"
"SESN3","143686","sestrin 3","11","SEST3; MGC29667","17504987","14386","NA"
"SFN","2810","SFN stratifin","1","YWHAS; SFN","16243811; 159300340","4475","ABL1,BAD,BAX,BCR,CCAR1,CDC25B,CDK1,CHST1,EEF1A1,EGFR,EIF2S1,EIF4B,FAM189A2,GPRIN2,HDAC5,HNRNPD,ING1,KCNK15,KCNK3,KCNK9,KIAA0408,MAP3K5,MARK3,MDM4,MST1R,NR3C1,PLEKHF2,PLK4,RFFL,TBL3,TRIM25,TSC2,WDYHV1,YWHAG,ZFP36"
"SFRS3","6428","SRSF3 serine/arginine-rich splicing factor 3","6","SFRS3; SRp20; SRSF3","18949382","74459","CHD1,EXOSC6,HNRNPK,NXF1,PCBP1,PCBP2,RBM7,RBMY1A1,SFRS12,SFRS2IP,SIP1,SRPK1,YWHAB,YWHAG,YWHAQ"
"SHBG","6462","SHBG sex hormone-binding globulin","17","ABP; SBP; TEBG; MGC126834; MGC138391; SHBG","17315164","813","A2M,ACPP,ACTA2,ACTB,ACTG2,AK2,AP1B1,AP2A1,APEH,APOBEC3C,ATP5A1,C17orf65,C9orf24,CD177,CECR5,CEP192,CLDN4,COL1A2,CTSD,DDX3Y,DES,DSTN,EEF1A1,EIF3F,FLNA,FLOT1,FYTTD1,JMJD7-PLA2G4B,KLK4,MPDU1,MT1F,MT1G,MT2A,MXD4,NOMO1,PKM2,PLP2,PSTPIP2,PTGDS,RMND5B,SEMA3F,SHBG,SLC37A1,SNAPIN,SORD,SRI,UBE2O,UBE3A,ZC3H12A"
"SHD","56961","SHD Src homology 2 domain containing transforming protein D","19","SHD","15604243","7537","ABL1"
"SIN3B","23309","SIN3B SIN3 homolog B; transcription regulator (yeast)","19","SIN3B SIN3 homolog B; transcription regulator (yeast)","17043662","81810","HDAC1,HDAC9,IKZF1,IKZF4,MAD1L1,MXD1,MXI1,REST,SETDB1,ZBTB16"
"SKP2","6502","SKP2 S-phase kinase-associated protein 2 (p45)","5","FBL1; FLB1; FBXL1; MGC1366; SKP2","16080017","55942","CCNA2,CCNE1,CCNT1,CDC34,CDK2,CDK9,CDKN1B,CDKN1C,CDT1,CKS1B,CUL1,CUL4A,DDB1,DUSP1,E2F1,ELF4,FZR1,GPS1,MYB,MYBL2,MYC,NLK,ORC1L,PFDN1,RB1,SKP1,TAL1,TCF3,UBB,WEE1"
"SLC18A2","6751","SSTR1 somatostatin receptor 1","14","SRIF-2","17043662","820","CSNK1A1,CSNK2A1,CSNK2A2"
"SLC24A3","57419","SLC24A3 solute carrier family 24 (sodium/potassium/calcium exchanger); member 3","20","NCKX3","17043662","41390","NA"
"SLC26A2","1836","SLC26A2 solute carrier family 26 (sulfate transporter); member 2 ","5","DTD; EDM4; DTDST; MST153; D5S1708; MSTP157; SLC26A2","159300340","73876","NA"
"SLC29A2","3177","SLC29A2 solute carrier family 29 (nucleoside transporters); member 2","11","ENT2; DER12; HNP36; SLC29A2","18949382","37493","NA"
"SLC2A5","6518","SLC2A5 solute carrier family 2 (facilitated glucose/fructose transporter); member 5 ","1","GLUT5; SLC2A5","18949382","55708","NA"
"SLC38A1","81539","SLC38A1 solute carrier family 38; member 1","12","ATA1; NAT2; SAT1; SNAT1; SLC38A1","159300340","12745","NA"
"SLC47A1","55244","SLC47A1 solute carrier family 47; member 1","17","MATE1; FLJ10847; MGC64822; SLC47A1","159300340","34364","NA"
"SMYD2","56950","SMYD2 SET and MYND domain containing 2","1","KMT3C; HSKM-B; ZMYND14; MGC119305; SMYD2","15604243","32466","TP53"
"SNAPC1","6617","SNAPC1 small nuclear RNA activating complex; polypeptide 1; 43kDa","14","SNAP43; PTFgamma; SNAPC1","15604243","2317","RB1,SNAPC3,SNAPC4,TBP"
"SORBS2","8470","SORBS2 sorbin and SH3 domain containing 2","4","ARGBP2; PRO0618; FLJ93447; KIAA0777; SORBS2","159300340","83295","ABL1,ABL2,ADAM15,AKT1,CBL,DLGAP1,DLGAP2,DLGAP4,FLOT1,MLLT4,PAK1,PAK2,PKM2,PTK2B,RPL9,SEMA6A,SYNJ1,TRAF4,VCL,YWHAE"
"SOX2","6657","SOX2 SRY (sex determining region Y)-box 2 ","3","ANOP3; MCOPS3; MGC2413; SOX2","20814443","68298","NR5A1,POU2F1,POU5F1"
"SPDEF","25803","SPDEF SAM pointed domain containing ets transcription factor","6","PDEF; bA375E1.3; RP11-375E1__A.3; SPDEF","159300340","8231","AR,NKX3-1"
"SPHK1","8877","SPHK1 sphingosine kinase 1","17","SPHK; SPHK1","20226264","39748","CTNND2,CTSB,FYN,LYN,RPS6KC1,SPHKAP,TRAF2,TRAF6"
"SPP1","6696","SPP1 secreted phosphoprotein 1","4","OPN; BNSP; BSPI; ETA-1; MGC110940; SPP1","18949382","20156","ABCF3,ACP5,CD44,CSNK2A1,CSNK2A2,CTNNBL1,F2,IGFBP5,ITGA5,ITGA9,ITGAV,ITGB1,MMP3,MMP7,PDLIM7,PRKCA,PRKG1,SGTA,UBQLN4"
"SPRY2","10253","SPRY2 sprouty homolog 2 (Drosophila)","13","hSPRY2; MGC23039; SPRY2","21111454","4267","ADAMTSL4,CBL,CBLB,CBLC,GPRIN2,GRB2,KRTAP4-12,PLSCR1,PTPN11,RAF1,SPRYD5,TRAF2"
"SPTLC1","10558","SPTLC1 serine palmitoyltransferase; long chain base subunit 1","9","HSAN; HSN1; LBC1; LCB1; SPT1; SPTI; HSAN1; MGC14645; SPTLC1","20226264","4681","ABCA1,SPTLC2"
"SRC","6714","v-src sarcoma (Schmidt-Ruppin A-2) viral oncogene homolog (avian)","20","ASV; SRC1; c-SRC; p60-Src","10804287","21120","-,ABL1,ACTN1,ADAM12,ADAM15,ADRB2,ADRB3,ADRBK1,AFAP1,AFAP1L2,AKT1,ANKRD11,ANXA1,ANXA2,AR,ARHGAP1,ARHGAP17,ARR3,ASAP1,ATP2B4,AXL,BCAR1,BCR,BMX,CAV1,CAV2,CBL,CBLC,CD2AP,CD33,CD36,CD46,CD59,CDCP1,CDH5,CDK5,CDKN1B,CEACAM1,CEACAM3,CHUK,CNTNAP1,CSK,CTNNB1,CTNND1,CTTN,DAB1,DAB2,DAG1,DAPP1,DDR2,DGKA,DGKZ,DLG4,DNM1,DNM2,DOK1,DOK2,DOK4,EFNB1,EFNB2,EGFR,EPHB2,EPS8,ERBB2,ESR1,ESR2,ETS1,ETS2,EVL,FARP2,FASLG,FGR,FHIT,FOXO1,FRS2,FYB,GAB2,GAB3,GFAP,GIT1,GJA1,GJB1,GNB2L1,GRB10,GRB2,GRIN2A,GRIN2B,GRLF1,GTF2I,GUCY2C,HLA-A,HLA-B,HNF1A,HNRNPK,HRAS,HSP90AA1,IGF1R,IKBKB,IKBKG,IL6R,INPPL1,INSR,ITGB3,JUP,KCNA5,KCNB1,KCNQ5,KDR,KHDRBS1,KIFAP3,KIT,LRP1,MAPK15,MATK,MED28,MET,MPZL1,MST1R,MT-ND2,MUC1,MYLK,NFKBIA,NMT1,NOS2,NPHS1,NR1I2,P2RY2,PAK2,PDCD6IP,PDE6G,PDGFRB,PDPK1,PECAM1,PELP1,PGR,PIK3R1,PKD1,PLCG1,PPARD,PPP2R4,PRKACA,PRKCA,PRKCD,PRKCE,PRKCH,PRKCI,PRKCZ,PRKD1,PTK2,PTK2B,PTPN1,PTPN11,PTPN18,PTPN2,PTPN21,PTPN6,PTPRA,PTPRE,PXN,RAF1,RASA1,RET,RGS16,RXRA,SH2D3C,SH3BP1,SH3PXD2A,SHB,SHC1,SKAP1,SLC9A2,SMARCB1,SMARCE1,SPTAN1,SRC,SRF,STAP2,STAT1,STAT3,STAT5A,STAT5B,STAT6,SYK,SYN1,TERT,THRA,TIAM1,TNFRSF11A,TRAF1,TRAF3,TRAF6,TRAT1,TRIP10,TRIP6,TRPC6,TRPV4,TUB,TXK,TYRO3,VCL,VIL1,WAS,WBP11,WWOX,YTHDC1,YWHAB,YWHAE,YWHAG,YWHAH"
"SRPX","8406","SRPX sushi-repeat containing protein; X-linked","X","DRS; ETX1; SRPX1","17043662","4598","NA"
"ST6GAL1","6480","ST6GAL1 ST6 beta-galactosamide alpha-2;6-sialyltranferase 1","3","ST6N; SIAT1; ST6GalI; MGC48859; ST6GAL1","15604243","2281","CD22,ST6GAL1"
"ST8SIA4","7903","ST8SIA4 ST8 alpha-N-acetyl-neuraminide alpha-2;8-sialyltransferase 4","5","PST; PST1; SIAT8D; MGC34450; MGC61459; ST8SIA-IV; ST8SIA4","159300340","4147","NCAM1,ST8SIA4"
"STK11","6794","STK11 serine/threonine kinase 11","19","PJS; LKB1; STK11","18245476","393","ATM,CAB39,CDC37,MARK1,MARK2,MARK4,MOBKL3,PARD3,PRKAA2,PRKACA,PTEN,RPS6KA3,RPS6KA5,RPS6KB1,SMARCA4,SNRK,STK11,STK11IP,STRADA,STRADB,TNIP2,TP53"
"SULT1A1","6817","SULT1A1 sulfotransferase family; cytosolic; 1A; phenol-preferring; member 1","16","PST; STP; STP1; P-PST; ST1A1; ST1A3; TSPST1; MGC5163; MGC131921; HAST1/HAST2; SULT1A1","18318428","68152","NA"
"SULT1E1","6783","SULT1E1 sulfotransferase family 1E; estrogen-preferring; member 1","4","EST; STE; EST-1; MGC34459; SULT1E1","18318428","121607","BMPR2,C14orf1,C1orf103,C7orf64,COPS6,EEF1A1,ENOX1,IGSF21,SETDB1,SULT2B1,TP53,UNC119"
"TBX3","6926","TBX3 T-box 3","12","UMS; XHL; TBX3-ISO","17043662","4371","TBX3"
"TCEAL7","56849","TCEAL7 transcription elongation factor A (SII)-like 7","X","MGC23947; MPMGp800C04260Q003","17043662","87220","NA"
"TCEB3","6924","TCEB3 transcription elongation factor B (SIII); polypeptide 3 (110kDa; elongin A)","1","EloA; SIII; TCEB3A; FLJ38760; FLJ42849; SIII p110; TCEB3","15604243","37746","MED21,NINL,RAP1A,REXO1,TCEB2"
"TFAM","7019","transcription factor A; mitochondrial","10","TCF6; MtTF1; mtTFA; TCF6L1; TCF6L2; TCF6L3","20232213","31139","PNP,TFB1M,TFB2M"
"TFAP2A","7020","TFAP2A transcription factor AP-2 alpha (activating enhancer binding protein 2 alpha)","6","AP-2; BOFS; AP2TF; TFAP2; FLJ51761; AP-2alpha; TFAP2A","17043662","2421","APC,CASP1,CASP3,CASP6,CITED2,CITED4,CLTC,CTNNB1,DEK,EP300,EPN2,HIP1,LDLRAP1,MAGI1,NPM1,RB1,SUMO4,SYT1,TP53,WWP1,WWP2,YBX1"
"TFF1","7031","TFF1 trefoil factor 1","21","pS2; BCEI; HPS2; HP1.A; pNR-2; D21S21; TFF1","9221798","2426","GKN2,MUC6,TFF1,UBQLN1,UBQLN4"
"TFF3","7033","TFF3 trefoil factor 3 (intestinal)","21","ITF; P1B; TFI; TFF3","159300340; 17043662","2427","TFF3"
"THBS2","7058","THBS2 thrombospondin 2","6","TSP2; THBS2","12796396","2438","MMP2,MMP9,THBS2,THBS3"
"THRB","7068","THRB thyroid hormone receptor; beta (erythroblastic leukemia viral (v-erb-a) oncogene homolog 2; avi","3","GRTH; PRTH; THR1; ERBA2; NR1A2; THRB1; THRB2; ERBA-BETA; MGC126109; MGC126110; THRB","159300340","36025","ACVR1,BRD8,BTG1,C1D,CAMK2B,CCND1,CNOT1,COPS2,CTCF,ESR1,FOXO1,HDAC2,HMGN3,JMJD1C,MECR,MED1,MED21,MPG,NCOA1,NCOA2,NCOA3,NCOA6,NCOR1,NCOR2,NR2F6,NRBF2,NRIP1,PPARGC1A,PRMT2,PSMC3IP,PSMC5,RARA,RXRA,RXRB,RXRG,THRB,TP53,TRIP10,TRIP12,TRIP13,TRIP4,TRIP6,ZNHIT3"
"TIMP1","7076","TIMP1 TIMP metallopeptidase inhibitor 1","X","EPA; EPO; HCI; CLGI; TIMP; FLJ90373; TIMP1","19758569","36321","CD63,ECH1,EEF1B2,MMP1,MMP2,MMP3,MYOC,RECQL5"
"TMC5","79838","TMC5 transmembrane channel-like 5","16","FLJ13593; TMC5","159300340; 159300340","11713","NA"
"TMEFF1","8577","TMEFF1 transmembrane protein with EGF-like and two follistatin-like domains 1","9","TR-1; H7365; C9orf2; CT120.1; TMEFF1","159300340","88695","NA"
"TMEM101","84336","TMEM101 transmembrane protein 101","17","MGC4251; FLJ23987; TMEM101","18949382","12649","NA"
"TMEM132C","92293","TMEM132C transmembrane protein 132C","12","DKFZp761O2018","17043662","76567","NA"
"TMEM9B","56674","TMEM9B TMEM9 domain family; member B","11","C11orf15; TMEM9B","18949382","32050","DDX24"
"TMSB10","9168","TMSB10 thymosin beta 10","2","TB10; MIG12; TMSB10","18949382","0","TMOD1"
"TNFAIP3","7128","TNFAIP3 tumor necrosis factor; alpha-induced protein 3","6","A20; OTUD7C; TNFA1P2; MGC104522; MGC138687; MGC138688; TNFAIP3","18949382","4582","CCDC50,CHUK,IKBKB,IKBKG,LAPTM5,RIPK1,RNF11,TAX1BP1,TICAM1,TNFAIP3,TNIP1,TNIP2,TRAF1,TRAF2,TRAF6,YWHAB,YWHAE,YWHAG,YWHAH,YWHAZ,ZFAND5"
"TNFRSF10C","8794","TNFRSF10C tumor necrosis factor receptor superfamily; member 10c; decoy without an intracellular dom","8","LIT; DCR1; TRID; CD263; TRAILR3; TRAIL-R3; DCR1-TNFR; MGC149501; MGC149502; TNFRSF10C","19936781","48244","APOA1,FAM101B,LRSAM1,RAP1A,SLC27A6,TNFSF10,ZHX1"
"TNXB","7148","TNXB tenascin XB","6","XB; TNX; XBS; HXBL; TENX; TN-X; TNXB1; TNXB2; TNXBS","17043662","49589","VEGFA,VEGFB"
"TP53","7157","TP53 tumor protein p53","17","P53; LFS1; TRP53; FLJ92943; TP53","15099969; 9155064","460","-,ABL1,ACTA1,ANKRD2,ANXA3,APEX1,ARID3A,ARIH2,ARL3,ATF3,ATM,ATR,AURKA,BAK1,BANP,BARD1,BCL2,BCL2L1,BCR,BLM,BRCA1,BRCA2,BRF1,BTBD2,BTK,CABLES1,CABLES2,CAPN1,CCDC106,CCL18,CCNA2,CCNG1,CCNH,CCT5,CD40LG,CDC14A,CDC14B,CDC25C,CDC42,CDK1,CDK2,CDK5,CDK9,CDKN2C,CEBPZ,CHD3,CHEK1,CHEK2,CHUK,COPS2,COPS3,COPS4,COPS5,COPS6,COPS7A,COPS8,COX17,CR2,CREBBP,CSNK1A1,CSNK1D,CSNK2A1,CSNK2B,CUL9,DAXX,DDX5,DHCR24,DHFR,DLEU1,DVL2,E2F1,E4F1,EEF2,EFEMP2,EGR1,EIF2AK2,EIF2S2,ELL,EP300,EPHA3,ERCC3,ERCC6,ERH,ESR1,FAM173A,FBXO11,FXYD6,GNL3,GPS1,GPS2,GSK3B,GSTM4,GTF2H1,HABP4,HDAC1,HDAC2,HDAC3,HIF1A,HIPK1,HIPK2,HMGB1,HMGB2,HNF4A,HNRNPUL1,HSP90AA1,HSP90AB1,HSPA1A,HSPA9,HSPB1,HTT,HUWE1,IFI16,ING1,ING4,ING5,KAT2B,KAT5,KLF4,KLF6,KPNA2,KPNB1,LAMA4,MAD2L1BP,MAGEB18,MAPK1,MAPK10,MAPK3,MAPK8,MAPK9,MAPKAPK5,MDC1,MDM2,MDM4,MED1,MED17,MIF,MNAT1,MNDA,MPHOSPH6,MSX1,MTA1,MTA2,NAP1L1,NCL,NDN,NEDD8,NFKBIA,NFYA,NFYB,NMT1,NMT2,NPM1,NQO1,NR3C1,NR4A1,PAFAH1B3,PARP1,PBK,PCDHA4,PHB,PIAS1,PIAS4,PIN1,PLAGL1,PLK1,PLK3,PML,PNP,POLA1,PPA1,PPM1D,PPP1CA,PPP1CC,PPP1R13L,PPP2CA,PPP2R2B,PRIM1,PRKCA,PRKDC,PRKRA,PRMT1,PSMD11,PSME3,PTEN,PTGS2,PTK2,PTTG1,RAB4A,RAD51,RCHY1,RFWD2,RPA1,RRM2,RRM2B,S100A2,S100A4,S100A8,S100B,SAT1,SCAMP1,SERPINB9,SETD7,SHISA5,SIN3A,SIRT1,SMAD2,SMAD3,SMARCA4,SMARCB1,SMARCD1,SMN1,SMYD2,SNRPN,SP1,SP3,SSTR3,STK11,STK4,STRA13,STX5,SULT1E1,SUMO1,SYVN1,TADA3,TAF1A,TAF1B,TAF1C,TAF9,TAF9B,TBP,TEC,TEP1,TFAP2A,TFAP2C,TFDP1,THAP8,THRB,TK1,TOP1,TOP2A,TOP2B,TOPORS,TP53,TP53BP1,TP53BP2,TP53INP1,TP53RK,TP63,TP73,TRIAP1,TSG101,UBB,UBE2A,UBE2I,UBE2K,UBE3A,USP7,VRK1,WDR33,WRN,WT1,WWOX,XRCC6,YBX1,YWHAG,YWHAZ,ZCCHC10,ZHX1,ZNF148,ZNF24,ZNHIT1"
"TRO","7216","TRO trophinin ","X","MAGED3; MAGE-d3; KIAA1114","17043662","75113","BYSL,FOS,USP7"
"TRPC1","7220","TRPC1 transient receptor potential cation channel; subfamily C; member 1","3","TRP1; HTRP-1; MGC133334; MGC133335; TRPC1","17043662; 159300340","2478","BMPR2,CAV1,GRIA1,HOMER1,ITPR2,ITPR3,MDFI,MX1,PKD2,RHOA,TRPC3,TRPC4,TRPC5"
"TSHZ3","57616","TSHZ3 teashirt zinc finger homeobox 3","19","TSH3; ZNF537; FLJ54422; KIAA1474","17043662","10835","NA"
"TTC5","91875","TTC5 tetratricopeptide repeat domain 5","14","Strap; TTC5","18949382","14397","NA"
"TTK","7272","TTK TTK protein kinase","6","ESK; PYT; CT96; MPS1; MPS1L1; FLJ38280; TTK","159300340","2489","AZU1,TUBB,TUBB1"
"TWIST2","117581","TWIST2 twist homolog 2 (Drosophila)","2","DERMO1; bHLHa39; MGC117334","17043662","40594","MEF2C,SREBF1"
"TYMP","1890","TYMP thymidine phosphorylase","22","TP; ECGF; ECGF1; MNGIE; MEDPS1; MTDPS1; PDECGF; hPD-ECGF; TYMP","9570975; 9751263","1474","TYMP"
"TYMS","7298","TYMS thymidylate synthetase","18","TS; TMS; HST422; MGC88736; TYMS","19190136","834","TYMS"
"UBE2E2","7325","UBE2E2 ubiquitin-conjugating enzyme E2E 2 (UBC4/5 homolog; yeast)","3","UBCH8; FLJ25157; UBE2E2","159300340","77337","CUL9,RNF19A,RNF8,UBOX5"
"UCHL1","7345","UCHL1 ubiquitin carboxyl-terminal esterase L1 (ubiquitin thiolesterase)","4","PARK5; PGP95; PGP9.5; Uch-L1; PGP 9.5; UCHL1","159300340","37894","CBX1,CDKN1B,COPS5,HSP90AA1,HSPA8,LAMP2,NEDD8,RANBP9,UBC,UBE2I"
"UGT1A1","54658","UDP glucuronosyltransferase 1 family; polypeptide A1","2","GNT1; UGT1; UDPGT; UGT1A; HUG-BR1; BILIQTL1; UDPGT 1-1","14871858","83117","NA"
"USP37","57695","USP37 ubiquitin specific peptidase 37","2","KIAA1594; MGC117261; USP37","17043662","10858","YWHAG"
"VEGFA","7422","VEGFA vascular endothelial growth factor A","6","VPF; VEGF; MVCD1; MGC70609; VEGFA","10381125","2534","ADAMTS1,AKT1,CSDA,CTGF,EPHB2,FLT1,GPC1,IGFBP7,KDR,NRP1,NRP2,PGF,SEMA3F,SPARC,TNXB,VEGFA,VEGFB,VTN,YBX1"
"VGLL1","51442","VGLL1 vestigial like 1 (Drosophila)","X","TDU; VGL1; VGLL1","159300340","9445","TEAD1,TEAD3,TEAD4"
"VGLL3","389136","VGLL3 vestigial like 3 (Drosophila)","3","VGL3; VGL-3; FLJ38507; DKFZp686O1845","17043662","53442","NA"
"VIM","7431","VIM vimentin","10","FLJ36605; VIM","18949382","2538","ABLIM1,ALS2CR11,APIP,ARMCX2,ATN1,BFSP1,BHLHE40,BRD1,C1orf103,C7orf36,C7orf64,CAMK2D,CAPN1,CASP3,CASP6,CASP7,CASP8,CASP9,CDH5,CDK1,CHD3,COPS6,CRCT1,CREB1,CRMP1,DCTN1,DEFB1,DIS3L2,DNM1L,DPPA4,DSP,DYNLL1,FABP4,FAM107A,FUBP1,GFAP,GOPC,HABP4,HAP1,HMG20B,ING5,ITGB4,IVNS1ABP,KIAA0408,KIAA1377,KIF15,KRT20,LOR,MAFG,MAN2A2,MEN1,MICAL1,MRPL44,MYST2,NEFL,NFATC2,NIF3L1,NME2,NOC4L,NUP85,OSBP2,PAK2,PDLIM1,PIAS4,PKD1,PKN1,PKP1,PLA2G4A,PLEC1,PPHLN1,PPL,PRKACA,PSMA1,PSMD7,PSME1,PUF60,RAB8B,RABAC1,RAD51,RIBC2,ROCK1,SDCCAG3,SERBP1,SETDB1,SH3GL3,SH3YL1,SIRT6,SLC25A6,SLC27A6,SMAD3,SRRT,STX1A,SUMO2,SUMO3,SYN1,TCHP,TNFRSF14,TRIM28,TRIM29,TRIOBP,TTR,TUBGCP4,UPP1,UPP2,UTP14A,VIM,WBP11,XRCC4,YWHAE,YWHAZ,ZHX1,ZNF384"
"VOPP1","81552","VOPP1 vesicular; overexpressed in cancer; prosurvival protein 1","7","ECOP; GASP; FLJ20532; DKFZp564K0822; VOPP1","18949382","12772","NA"
"VPS36","51028","VPS36 vacuolar protein sorting 36 homolog (S. cerevisiae)","13","EAP45; C13orf9; CGI-145; DKFZp781E0871; VPS36","15604243","9374","CHMP6,SNF8,TSG101,VPS25"
"WNT7A","7476","WNT7A wingless-type MMTV integration site family; member 7A","3","WNT7A","159300340","20969","FZD5,FZD9,STRN4"
"XYLT1","64131","XYLT1 xylosyltransferase I","16","XT1; XTI; XT-I; XYLTI; PXYLT1","17043662","32534","NA"
"YES1","7525","YES1 v-yes-1 Yamaguchi sarcoma viral oncogene homolog 1","18","Yes; c-yes; HsT441; P61-YES; YES1","15604243","37839","ADAM12,ADAM15,CD2AP,CD36,CD46,CDKN1B,CSF1R,DLG4,DOK1,FLT1,GP6,ITGB4,JAK2,KDR,KIT,MST1R,NPHS1,OCLN,PAK2,PDCD6IP,PDGFRB,PECAM1,PTPRE,RASA1,RPL10,TP53BP2,TRPV4,TYRO3,YES1"
"YWHAB","7529","YWHAB tyrosine 3-monooxygenase/tryptophan 5-monooxygenase activation protein; beta polypeptide","20","HS1; GW128; YWHAA; KCIP-1; YWHAB","18949382","20724","ABL1,ADAM22,AKAP13,ALS2,ATP5A1,BAD,BCL2L11,BCR,BID,BRAF,C1QBP,C22orf9,CBL,CDC25A,CDC25B,CDC25C,CDK11B,CDK14,CDKN1B,CRTC2,CSNK2A1,DAPK1,DHX15,DYRK1A,EDC3,EPB41,EPB41L1,EPB41L3,FAM82A2,FER,FRMD6,FRYL,GAPVD1,GEM,HDAC5,HSP90AB1,HSPA1A,HSPA1B,HSPA5,IGF1R,IKBKB,ING1,INSR,IRS1,IRS2,ITGB1,ITGB4,KCNK15,KCNK3,KCNK9,KIF1C,KIF23,KIF5B,KLC1,KRT18,LARP1,LYST,MAP3K3,MAPK7,MAPT,MARK2,MARK4,MDM4,MICALL1,MINK1,MLLT4,MLXIP,MPRIP,MST1R,OSBPL3,PARD3,PARD6B,PDCL2,PDE3B,PI4KB,PIK3R2,PIK3R4,PRKCD,PRKCG,PRKCZ,PTPN3,RABGEF1,RACGAP1,RADIL,RAF1,RAI14,RALGPS2,RGS3,RGS7,RIN1,RIOK1,RNPS1,RPS6KA1,SFRS13A,SFRS3,SLC4A7,SLC8A1,SLC8A2,SLC8A3,SLC9A1,SNCA,SNRNP200,SON,SRC,SRRM2,STK38,STK38L,TESK1,TESK2,TH,TJP2,TNFAIP3,TPD52L1,TSC1,TSC2,TUBB,UBC,UCP2,UCP3,WDR77,WEE1,YWHAB,YWHAE,YWHAG,ZFP36"
"ZBED1","9189","ZBED1 zinc finger; BED-type containing 1","X","ALTE; DREF; TRAMP; hDREF; KIAA0785; ZBED1","15604243","123965","FANCG,GPN1,GPSM1,NIF3L1,NIP7,NUDT18,PSAP,RENBP,SORBS3,SPEF1,UBE2I"
"ZEB1","6935","ZEB1 zinc finger E-box binding homeobox 1","10","BZP; TCF8; AREB6; FECD6; NIL2A; PPCD3; ZFHEP; ZFHX1A; DELTAEF1; MGC133261; ZEB1","18487993; 17043662","31779","CTBP1,CTBP2,DRAP1,EP300,KAT5,SMAD2,SMAD3"
"ZIC1","7545","ZIC1 Zic family member 1","3","ZIC; ZNF201; ZIC1","17043662","2562","GLI1,GLI2,GLI3"
"ZMYND19","116225","ZMYND19 zinc finger; MYND-type containing 19","9","MIZIP; RP11-48C7.4; ZMYND19","18949382","12093","HACL1,KCTD13,MCHR1,TNNT1"
"ZNF207","7756","ZNF207 zinc finger protein 207","17","DKFZp761N202; ZNF207","18949382","2581","NA"
